Time,Stock,Strategy,Signal,Price,Stop Loss,Target,R:R,RSI
2026-06-30 10:54 IST,MPHASIS,SWING,BUY,₹2177.5,₹2145.44,₹2234.85,1:1.79,—
2026-06-30 11:03:29 IST,COLPAL,SWING,BUY,₹1984.4000244140625,₹1959.86,₹2034.45,1:2.04,—
2026-06-30 11:03:32 IST,ASIANPAINT,SCALP,BUY,₹2668.10009765625,₹2656.16,₹2681.44,1:1.12,59.6
2026-06-30 11:03:42 IST,TATASTEEL,MOMENTUM,SELL,₹187.8300018310547,₹189.26,₹185.01,1:1.97,45.7
2026-06-30 11:03:48 IST,APLAPOLLO,SCALP,BUY,₹1785.300048828125,₹1776.03,₹1794.23,1:0.96,54.1
2026-06-30 11:03 IST,MOTHERSON,SWING,SELL,₹148.85000610351562,₹151.46,₹144.83,1:1.54,—
2026-06-30 11:05 IST,SONACOMS,SWING,SELL,₹616.0,₹625.96,₹599.16,1:1.69,—
2026-06-30 11:05 IST,VOLTAS,SWING,BUY,₹1280.9000244140625,₹1265.43,₹1315.44,1:2.23,—
2026-06-30 11:06 IST,NAZARA,SWING,SELL,₹303.8999938964844,₹308.37,₹296.21,1:1.72,—
2026-06-30 11:03 IST,BAJFINANCE,SWING,SELL,₹991.0499877929688,₹1012.49,₹964.85,1:1.22,—
2026-06-30 11:03 IST,BAJAJFINSV,SWING,SELL,₹1774.9000244140625,₹1807.06,₹1727.47,1:1.47,—
2026-06-30 11:03 IST,FEDERALBNK,SWING,SELL,₹329.6499938964844,₹336.56,₹320.29,1:1.35,—
2026-06-30 11:04 IST,CANBK,SWING,BUY,₹125.75,₹123.81,₹128.99,1:1.67,—
2026-06-30 11:04 IST,BANKBARODA,MOMENTUM,SELL,₹274.0,₹276.22,₹269.89,1:1.85,42.4
2026-06-30 11:04 IST,5PAISA,SWING,SELL,₹353.6499938964844,₹359.08,₹344.79,1:1.63,—
2026-06-30 11:05 IST,BEL,SWING,BUY,₹410.1000061035156,₹404.19,₹420.8,1:1.81,—
2026-06-30 11:05 IST,BRIGADE,SWING,SELL,₹495.5,₹501.64,₹482.76,1:2.07,—
2026-06-30 11:05 IST,NESCO,MOMENTUM,SELL,₹1080.9000244140625,₹1089.31,₹1064.69,1:1.93,46.5
2026-06-30 11:05 IST,ITC,SWING,BUY,₹288.20001220703125,₹283.74,₹295.54,1:1.65,—
2026-06-30 11:04 IST,INDUSINDBK,SCALP,BUY,₹929.4000244140625,₹920.6,₹934.05,1:0.53,63.4
2026-06-30 11:05 IST,ESAFSFB,SCALP,BUY,₹32.779998779296875,₹32.59,₹32.94,1:0.84,60.0
2026-06-30 11:05 IST,AUROPHARMA,MOMENTUM,SELL,₹1567.4000244140625,₹1578.82,₹1543.89,1:2.06,44.9
2026-06-30 11:05 IST,BIOCON,MOMENTUM,SELL,₹412.0,₹415.38,₹405.82,1:1.83,40.9
2026-06-30 11:05 IST,SUPRAJIT,MOMENTUM,SELL,₹458.8500061035156,₹462.77,₹451.97,1:1.76,40.7
2026-06-30 11:06 IST,BAJAJ-AUTO,SWING,SELL,₹9592.0,₹9752.9,₹9345.76,1:1.53,—
2026-06-30 11:06 IST,EICHERMOT,SCALP,BUY,₹7124.0,₹7053.47,₹7159.62,1:0.51,59.3
2026-06-30 11:06 IST,ESCORTS,MOMENTUM,SELL,₹2931.10009765625,₹2953.11,₹2887.13,1:2.0,45.4
2026-06-30 11:06 IST,BHARTIARTL,SWING,SELL,₹1863.300048828125,₹1890.9,₹1815.86,1:1.72,—
2026-06-30 11:08 IST,GODREJCP,SCALP,BUY,₹1016.0,₹1012.62,₹1021.08,1:1.5,57.8
2026-06-30 11:08 IST,GODREJCP,MOMENTUM,BUY,₹1016.0,₹1008.35,₹1031.24,1:1.99,57.8
2026-06-30 11:08 IST,SOBHA,MOMENTUM,SELL,₹1391.0999755859375,₹1403.27,₹1370.23,1:1.71,41.1
2026-06-30 11:07 IST,CANFINHOME,SWING,SELL,₹880.0,₹893.06,₹856.9,1:1.77,—
2026-06-30 11:08 IST,IPCALAB,SCALP,BUY,₹1660.4000244140625,₹1653.03,₹1668.7,1:1.13,64.5
2026-06-30 11:08 IST,NAUKRI,SWING,BUY,₹972.2000122070312,₹959.47,₹999.37,1:2.13,—
2026-06-30 11:09 IST,NTPC,SCALP,SELL,₹354.20001220703125,₹355.26,₹352.43,1:1.67,55.2
2026-06-30 11:11 IST,BOSCHLTD,SCALP,BUY,₹40160.0,₹40029.47,₹40360.8,1:1.54,53.2
2026-06-30 11:10 IST,AAVAS,MOMENTUM,SELL,₹1490.199951171875,₹1501.89,₹1467.85,1:1.91,41.7
2026-06-30 11:10 IST,COFORGE,MOMENTUM,SELL,₹1486.5999755859375,₹1498.62,₹1464.3,1:1.86,41.9
2026-06-30 11:10 IST,TORNTPHARM,SWING,SELL,₹4639.0,₹4700.32,₹4518.52,1:1.96,—
2026-06-30 11:10 IST,PERSISTENT,MOMENTUM,SELL,₹4276.5,₹4312.18,₹4212.35,1:1.8,40.5
2026-06-30 11:13 IST,TATAINVEST,SWING,BUY,₹667.6500244140625,₹659.22,₹684.45,1:1.99,—
2026-06-30 11:11 IST,RBLBANK,SCALP,BUY,₹367.29998779296875,₹366.07,₹369.14,1:1.5,45.7
2026-06-30 11:13 IST,INDUSTOWER,SWING,BUY,₹393.6000061035156,₹388.36,₹403.66,1:1.92,—
2026-06-30 11:13 IST,BEL,SCALP,BUY,₹411.29998779296875,₹410.05,₹413.36,1:1.65,62.0
2026-06-30 11:14 IST,ULTRACEMCO,SCALP,BUY,₹11322.0,₹11258.87,₹11378.61,1:0.9,64.8
2026-06-30 11:14 IST,BAJAJ-AUTO,SCALP,BUY,₹9623.0,₹9535.16,₹9671.11,1:0.55,61.6
2026-06-30 11:12 IST,AXISBANK,SWING,BUY,₹1360.300048828125,₹1339.11,₹1395.38,1:1.66,—
2026-06-30 11:12 IST,IDFCFIRSTB,SCALP,BUY,₹78.76000213623047,₹78.32,₹79.15,1:0.89,63.8
2026-06-30 11:12 IST,IDFCFIRSTB,MOMENTUM,BUY,₹78.76000213623047,₹78.03,₹79.94,1:1.62,63.8
2026-06-30 11:12 IST,BANKBARODA,SCALP,BUY,₹274.8500061035156,₹273.55,₹276.22,1:1.05,61.5
2026-06-30 11:14 IST,IRFC,SCALP,BUY,₹90.69999694824219,₹90.36,₹91.15,1:1.32,61.1
2026-06-30 11:15 IST,ESCORTS,MOMENTUM,SELL,₹2932.300048828125,₹2953.12,₹2888.32,1:2.11,48.6
2026-06-30 11:17 IST,GODREJCP,SCALP,BUY,₹1015.9000244140625,₹1012.77,₹1020.98,1:1.62,55.9
2026-06-30 11:16 IST,ADANIGREEN,SWING,BUY,₹1494.5,₹1473.49,₹1533.91,1:1.88,—
2026-06-30 11:15 IST,WIPRO,SWING,BUY,₹171.1999969482422,₹168.42,₹175.93,1:1.7,—
2026-06-30 11:15 IST,HCLTECH,SWING,BUY,₹1080.9000244140625,₹1067.7,₹1110.74,1:2.26,—
2026-06-30 11:15 IST,UNIONBANK,SWING,BUY,₹173.6999969482422,₹171.12,₹178.2,1:1.74,—
2026-06-30 11:15 IST,SURYODAY,SCALP,BUY,₹175.55999755859375,₹174.73,₹176.44,1:1.06,51.0
2026-06-30 11:16 IST,TORNTPHARM,SWING,SELL,₹4641.10009765625,₹4701.78,₹4519.2,1:2.01,—
2026-06-30 11:19 IST,TATACONSUM,SCALP,BUY,₹1080.4000244140625,₹1074.96,₹1085.8,1:0.99,54.1
2026-06-30 11:19 IST,WHIRLPOOL,SCALP,SELL,₹803.0499877929688,₹805.46,₹799.03,1:1.67,57.0
2026-06-30 11:16 IST,COFORGE,MOMENTUM,SELL,₹1487.9000244140625,₹1498.74,₹1465.58,1:2.06,47.5
2026-06-30 11:19 IST,SOBHA,MOMENTUM,SELL,₹1392.0999755859375,₹1403.44,₹1371.22,1:1.84,43.8
2026-06-30 11:18 IST,RELIANCE,MOMENTUM,BUY,₹1296.5,₹1286.17,₹1315.95,1:1.88,57.9
2026-06-30 11:19 IST,SOBHA,SCALP,BUY,₹1394.9000244140625,₹1389.05,₹1401.87,1:1.19,55.3
2026-06-30 11:17 IST,UTKARSHBNK,SCALP,BUY,₹14.350000381469727,₹14.29,₹14.42,1:1.17,55.1
2026-06-30 11:19 IST,RELIANCE,SCALP,BUY,₹1296.800048828125,₹1290.99,₹1303.28,1:1.12,59.6
2026-06-30 11:20 IST,COCHINSHIP,SWING,SELL,₹1473.699951171875,₹1506.03,₹1427.29,1:1.44,—
2026-06-30 11:22 IST,NMDC,MOMENTUM,BUY,₹85.1500015258789,₹84.39,₹86.43,1:1.68,65.0
2026-06-30 11:18 IST,APTUS,SWING,SELL,₹275.5,₹279.39,₹267.96,1:1.94,—
2026-06-30 11:19 IST,ZYDUSLIFE,SCALP,SELL,₹1119.800048828125,₹1123.16,₹1114.2,1:1.67,57.7
2026-06-30 11:17 IST,FEDERALBNK,SCALP,BUY,₹329.54998779296875,₹327.39,₹331.2,1:0.76,50.9
2026-06-30 11:20 IST,CRAFTSMAN,SWING,SELL,₹9472.5,₹9659.82,₹9196.03,1:1.48,—
2026-06-30 11:22 IST,TAJGVK,SWING,SELL,₹330.20001220703125,₹336.53,₹321.4,1:1.39,—
2026-06-30 11:23 IST,NMDC,SCALP,BUY,₹85.12000274658203,₹84.8,₹85.55,1:1.34,62.9
2026-06-30 11:23 IST,APLAPOLLO,SCALP,BUY,₹1782.4000244140625,₹1776.18,₹1791.31,1:1.43,44.9
2026-06-30 11:23 IST,RATNAMANI,SCALP,SELL,₹2539.39990234375,₹2547.02,₹2526.7,1:1.67,56.0
2026-06-30 11:21 IST,ABB,SWING,SELL,₹7036.0,₹7132.47,₹6859.37,1:1.83,—
2026-06-30 11:24 IST,TATAINVEST,SCALP,SELL,₹668.2999877929688,₹670.3,₹664.96,1:1.67,61.1
2026-06-30 11:19 IST,EQUITASBNK,SCALP,BUY,₹74.63999938964844,₹74.28,₹75.01,1:1.03,58.3
2026-06-30 11:22 IST,HUDCO,SWING,BUY,₹206.1999969482422,₹203.35,₹211.48,1:1.85,—
2026-06-30 11:24 IST,JSWSTEEL,SCALP,BUY,₹1235.300048828125,₹1229.84,₹1241.48,1:1.13,60.5
2026-06-30 11:24:17 IST,KRSNAA,SCALP,BUY,₹542.5,₹538.48,₹545.21,1:0.67,63.9
2026-06-30 11:22 IST,BLUEDART,SCALP,BUY,₹4882.2001953125,₹4857.14,₹4906.61,1:0.97,63.0
2026-06-30 11:23 IST,GRINDWELL,SWING,SELL,₹2172.699951171875,₹2210.09,₹2113.11,1:1.59,—
2026-06-30 11:19 IST,IDFCFIRSTB,SCALP,BUY,₹78.69999694824219,₹78.33,₹79.09,1:1.05,58.5
2026-06-30 11:23 IST,CONCOR,SCALP,BUY,₹472.75,₹469.24,₹475.11,1:0.67,63.8
2026-06-30 11:21 IST,CIPLA,SCALP,BUY,₹1465.5999755859375,₹1457.94,₹1472.93,1:0.96,62.6
2026-06-30 11:22 IST,BPCL,SCALP,SELL,₹301.8500061035156,₹302.76,₹300.34,1:1.66,55.8
2026-06-30 11:25 IST,ZEEL,SWING,BUY,₹104.4000015258789,₹102.7,₹107.24,1:1.67,—
2026-06-30 11:20 IST,ICICIBANK,SWING,BUY,₹1382.0999755859375,₹1364.3,₹1418.18,1:2.03,—
2026-06-30 11:22 IST,DRREDDY,SCALP,BUY,₹1356.0999755859375,₹1351.54,₹1362.88,1:1.49,55.7
2026-06-30 11:22 IST,DRREDDY,MOMENTUM,BUY,₹1356.0999755859375,₹1346.03,₹1376.44,1:2.02,55.7
2026-06-30 11:23 IST,SONACOMS,SCALP,BUY,₹617.4000244140625,₹611.53,₹620.49,1:0.53,61.2
2026-06-30 11:24 IST,BHEL,MOMENTUM,SELL,₹415.3999938964844,₹418.63,₹409.17,1:1.93,43.7
2026-06-30 11:23 IST,BIOCON,SCALP,BUY,₹413.1000061035156,₹411.47,₹415.17,1:1.27,60.5
2026-06-30 11:25 IST,MGL,SWING,BUY,₹1169.699951171875,₹1154.39,₹1202.74,1:2.16,—
2026-06-30 11:26 IST,BRIGADE,SCALP,BUY,₹497.54998779296875,₹494.45,₹500.04,1:0.8,64.8
2026-06-30 11:25 IST,SONACOMS,SWING,SELL,₹617.4500122070312,₹626.22,₹600.5,1:1.93,—
2026-06-30 11:25 IST,GLAND,SWING,SELL,₹2474.0,₹2512.29,₹2401.21,1:1.9,—
2026-06-30 11:29 IST,NESTLEIND,SCALP,BUY,₹1417.5,₹1402.57,₹1424.59,1:0.47,61.1
2026-06-30 11:24 IST,RBLBANK,SCALP,BUY,₹367.6000061035156,₹366.03,₹369.44,1:1.17,52.1
2026-06-30 11:25 IST,ESAFSFB,SCALP,BUY,₹32.779998779296875,₹32.6,₹32.94,1:0.89,58.7
2026-06-30 11:25 IST,ESAFSFB,MOMENTUM,BUY,₹32.779998779296875,₹32.46,₹33.27,1:1.53,58.7
2026-06-30 11:29 IST,ADANIENT,SCALP,BUY,₹2995.0,₹2979.49,₹3009.97,1:0.97,51.4
2026-06-30 11:29 IST,INDUSTOWER,SCALP,SELL,₹394.29998779296875,₹395.48,₹392.33,1:1.67,58.9
2026-06-30 11:29 IST,SIEMENS,SCALP,BUY,₹3597.89990234375,₹3581.93,₹3615.89,1:1.13,62.6
2026-06-30 11:31 IST,HINDUNILVR,MOMENTUM,SELL,₹2126.199951171875,₹2142.37,₹2094.31,1:1.97,46.0
2026-06-30 11:29 IST,NTPC,SCALP,BUY,₹355.3500061035156,₹353.38,₹357.13,1:0.9,63.7
2026-06-30 11:26 IST,PNB,SWING,BUY,₹107.05000305175781,₹105.56,₹109.75,1:1.81,—
2026-06-30 11:28 IST,MANAPPURAM,SCALP,BUY,₹319.1499938964844,₹315.8,₹320.75,1:0.48,64.7
2026-06-30 11:28 IST,CHOLAFIN,SCALP,BUY,₹1800.0,₹1780.68,₹1809.0,1:0.47,63.9
2026-06-30 11:29 IST,NAUKRI,SCALP,SELL,₹975.9000244140625,₹978.83,₹971.02,1:1.67,57.3
2026-06-30 11:35 IST,DMART,SWING,SELL,₹4369.7998046875,₹4426.58,₹4253.82,1:2.04,—
2026-06-30 11:37 IST,HONAUT,SWING,SELL,₹39625.0,₹40231.27,₹38623.89,1:1.65,—
2026-06-30 11:35 IST,TATACONSUM,SWING,SELL,₹1080.0,₹1098.78,₹1052.01,1:1.49,—
2026-06-30 11:30 IST,APOLLOHOSP,SCALP,BUY,₹8700.0,₹8662.34,₹8743.5,1:1.16,58.8
2026-06-30 11:34 IST,BEL,SCALP,BUY,₹411.95001220703125,₹410.13,₹414.01,1:1.13,59.8
2026-06-30 11:34 IST,THERMAX,SCALP,BUY,₹5154.2001953125,₹5123.71,₹5179.97,1:0.85,59.0
2026-06-30 11:35 IST,NESTLEIND,SWING,SELL,₹1413.0,₹1438.73,₹1377.22,1:1.39,—
2026-06-30 11:36 IST,PVRINOX,SCALP,BUY,₹967.6500244140625,₹962.52,₹972.49,1:0.94,60.9
2026-06-30 11:32 IST,APOLLOTYRE,SCALP,BUY,₹425.8500061035156,₹423.82,₹427.98,1:1.05,55.7
2026-06-30 11:38 IST,INOXWIND,SCALP,BUY,₹89.81999969482422,₹88.99,₹90.27,1:0.54,62.3
2026-06-30 11:38:05 IST,CYIENT,SCALP,BUY,₹862.0,₹859.33,₹866.31,1:1.61,56.8
2026-06-30 11:39:29 IST,TATAINVEST,MOMENTUM,SELL,₹667.0499877929688,₹672.56,₹657.04,1:1.82,41.3
2026-06-30 11:34 IST,POWERGRID,SCALP,BUY,₹286.75,₹285.83,₹288.18,1:1.55,53.9
2026-06-30 11:35 IST,THERMAX,SWING,SELL,₹5146.0,₹5212.78,₹5015.24,1:1.96,—
2026-06-30 11:37 IST,ASIANPAINT,SCALP,BUY,₹2663.0,₹2654.7,₹2676.31,1:1.6,49.5
2026-06-30 11:30 IST,AAVAS,MOMENTUM,SELL,₹1490.5999755859375,₹1501.87,₹1468.24,1:1.98,44.9
2026-06-30 11:40 IST,HONAUT,SWING,SELL,₹39620.0,₹40230.97,₹38623.65,1:1.63,—
2026-06-30 11:30 IST,INDIANB,SWING,BUY,₹817.1500244140625,₹803.3,₹839.21,1:1.59,—
2026-06-30 11:33 IST,IPCALAB,SCALP,BUY,₹1666.300048828125,₹1656.14,₹1674.63,1:0.82,63.7
2026-06-30 11:34 IST,SUPRAJIT,SCALP,BUY,₹460.8500061035156,₹458.07,₹463.15,1:0.83,64.1
2026-06-30 11:34 IST,GLAXO,SCALP,BUY,₹2387.199951171875,₹2362.52,₹2399.14,1:0.48,57.6
2026-06-30 11:32 IST,5PAISA,MOMENTUM,SELL,₹353.25,₹356.23,₹347.95,1:1.78,43.7
2026-06-30 11:39 IST,PVRINOX,SCALP,BUY,₹966.5499877929688,₹962.55,₹971.38,1:1.21,55.3
2026-06-30 11:40 IST,SAIL,SWING,BUY,₹171.72999572753906,₹169.29,₹176.36,1:1.9,—
2026-06-30 11:39 IST,ASIANPAINT,SCALP,BUY,₹2664.0,₹2654.8,₹2677.32,1:1.45,51.0
2026-06-30 11:41 IST,RATNAMANI,SCALP,BUY,₹2545.0,₹2532.68,₹2557.72,1:1.03,62.1
2026-06-30 11:40 IST,NESTLEIND,SWING,SELL,₹1416.5,₹1439.17,₹1377.84,1:1.71,—
2026-06-30 11:41 IST,DMART,SCALP,BUY,₹4375.2998046875,₹4338.09,₹4397.18,1:0.59,64.7
2026-06-30 11:42 IST,TATAINVEST,MOMENTUM,SELL,₹667.3499755859375,₹672.55,₹657.34,1:1.92,43.6
2026-06-30 11:33 IST,SURYODAY,SWING,SELL,₹175.61000061035156,₹178.49,₹171.18,1:1.54,—
2026-06-30 11:43 IST,RECLTD,SCALP,BUY,₹366.25,₹364.68,₹368.08,1:1.17,48.8
2026-06-30 11:33 IST,INDUSINDBK,SCALP,BUY,₹930.5999755859375,₹921.32,₹935.25,1:0.5,63.7
2026-06-30 11:37 IST,TORNTPHARM,SCALP,BUY,₹4654.10009765625,₹4621.82,₹4677.37,1:0.72,62.0
2026-06-30 11:44 IST,PFC,SCALP,BUY,₹426.45001220703125,₹424.61,₹428.58,1:1.16,46.8
2026-06-30 11:33 IST,SBIN,SCALP,BUY,₹1040.0,₹1035.27,₹1045.2,1:1.1,52.8
2026-06-30 11:43 IST,DMART,SWING,SELL,₹4372.2001953125,₹4428.27,₹4255.0,1:2.09,—
2026-06-30 11:41 IST,BHARTIARTL,SWING,SELL,₹1871.199951171875,₹1895.84,₹1821.32,1:2.02,—
2026-06-30 11:44 IST,VOLTAS,SCALP,BUY,₹1286.199951171875,₹1281.91,₹1292.63,1:1.5,54.6
2026-06-30 11:45 IST,APLAPOLLO,MOMENTUM,SELL,₹1781.300048828125,₹1794.7,₹1754.58,1:1.99,43.2
2026-06-30 11:40 IST,ESCORTS,MOMENTUM,SELL,₹2930.699951171875,₹2953.04,₹2886.74,1:1.97,43.8
2026-06-30 11:46:07 IST,NESCO,SCALP,BUY,₹1086.0,₹1078.29,₹1091.43,1:0.7,62.4
2026-06-30 11:39 IST,LAURUSLABS,SCALP,BUY,₹1492.699951171875,₹1488.13,₹1500.16,1:1.63,56.1
2026-06-30 11:40 IST,PFIZER,SCALP,BUY,₹4438.2998046875,₹4418.57,₹4460.49,1:1.12,48.9
2026-06-30 11:40 IST,GLAXO,SWING,SELL,₹2391.800048828125,₹2432.96,₹2322.49,1:1.68,—
2026-06-30 11:37 IST,PERSISTENT,SWING,SELL,₹4288.5,₹4349.07,₹4180.53,1:1.78,—
2026-06-30 11:39 IST,PFIZER,SCALP,BUY,₹4438.60009765625,₹4418.59,₹4460.79,1:1.11,49.8
2026-06-30 11:40 IST,ASHOKLEY,SWING,SELL,₹158.1999969482422,₹160.71,₹154.05,1:1.65,—
2026-06-30 11:44 IST,BERGEPAINT,SCALP,BUY,₹522.5999755859375,₹518.44,₹525.21,1:0.63,51.3
2026-06-30 11:39 IST,TORNTPHARM,SCALP,BUY,₹4655.2998046875,₹4622.21,₹4678.58,1:0.7,63.8
2026-06-30 11:39 IST,LAURUSLABS,SCALP,BUY,₹1493.199951171875,₹1488.14,₹1500.67,1:1.48,58.5
2026-06-30 11:43 IST,BHARTIARTL,SCALP,BUY,₹1868.0,₹1856.89,₹1877.34,1:0.84,45.4
2026-06-30 11:38 IST,ICICIPRULI,SCALP,BUY,₹487.29998779296875,₹483.07,₹489.74,1:0.58,51.8
2026-06-30 11:41 IST,ABBOTINDIA,SCALP,BUY,₹25325.0,₹25218.4,₹25451.62,1:1.19,64.5
2026-06-30 11:45 IST,GODREJPROP,SWING,SELL,₹1876.4000244140625,₹1913.9,₹1821.02,1:1.48,—
2026-06-30 11:43 IST,SONACOMS,SCALP,BUY,₹617.75,₹612.04,₹620.84,1:0.54,62.8
2026-06-30 11:43 IST,HINDPETRO,SCALP,BUY,₹391.8500061035156,₹390.06,₹393.81,1:1.09,63.0
2026-06-30 11:47 IST,ZEEL,SWING,BUY,₹103.95999908447266,₹102.6,₹106.98,1:2.22,—
2026-06-30 11:45 IST,THERMAX,MOMENTUM,SELL,₹5131.2998046875,₹5176.15,₹5054.33,1:1.72,40.1
2026-06-30 11:48 IST,SAIL,SCALP,SELL,₹172.0,₹172.52,₹171.14,1:1.65,55.1
2026-06-30 11:39 IST,UTKARSHBNK,SCALP,BUY,₹14.390000343322754,₹14.31,₹14.46,1:0.87,58.1
2026-06-30 11:40 IST,CHOLAFIN,SWING,SELL,₹1799.4000244140625,₹1826.1,₹1750.33,1:1.84,—
2026-06-30 11:50 IST,ULTRACEMCO,SWING,SELL,₹11316.0,₹11482.27,₹11032.76,1:1.7,—
2026-06-30 11:44 IST,DRREDDY,SCALP,BUY,₹1358.5,₹1351.89,₹1365.29,1:1.03,62.2
2026-06-30 11:51 IST,BOSCHLTD,MOMENTUM,SELL,₹40115.0,₹40446.2,₹39513.28,1:1.82,40.3
2026-06-30 11:49 IST,TRENT,SWING,SELL,₹3274.39990234375,₹3319.46,₹3192.34,1:1.82,—
2026-06-30 11:50 IST,INDHOTEL,SWING,SELL,₹714.75,₹725.88,₹695.26,1:1.75,—
2026-06-30 11:44 IST,BIOCON,SCALP,BUY,₹413.6000061035156,₹411.62,₹415.67,1:1.05,60.1
2026-06-30 11:52 IST,INOXWIND,SCALP,BUY,₹89.69999694824219,₹89.04,₹90.15,1:0.68,50.0
2026-06-30 11:50 IST,BERGEPAINT,SWING,SELL,₹521.0,₹533.41,₹507.56,1:1.08,—
2026-06-30 11:50 IST,TITAN,SWING,SELL,₹4383.2001953125,₹4435.67,₹4256.22,1:2.42,—
2026-06-30 11:45 IST,DIVISLAB,SWING,SELL,₹6577.0,₹6675.89,₹6408.97,1:1.7,—
2026-06-30 11:52:35 IST,APOLLOTYRE,SWING,SELL,₹425.54998779296875,₹430.68,₹414.81,1:2.09,—
2026-06-30 11:50 IST,SCHAEFFLER,SWING,SELL,₹4225.0,₹4324.5,₹4088.8,1:1.37,—
2026-06-30 11:44 IST,AAVAS,SCALP,BUY,₹1492.300048828125,₹1487.45,₹1499.76,1:1.54,54.1
2026-06-30 11:54 IST,RATNAMANI,MOMENTUM,BUY,₹2551.89990234375,₹2524.23,₹2590.18,1:1.38,64.4
2026-06-30 11:44 IST,ESAFSFB,MOMENTUM,SELL,₹32.650001525878906,₹32.92,₹32.16,1:1.81,46.8
2026-06-30 11:49 IST,NTPC,SCALP,BUY,₹354.8500061035156,₹353.51,₹356.62,1:1.32,50.8
2026-06-30 11:52 IST,DABUR,SWING,SELL,₹423.6499938964844,₹428.92,₹413.02,1:2.02,—
2026-06-30 11:46 IST,KPITTECH,MOMENTUM,SELL,₹686.2999877929688,₹691.41,₹676.01,1:2.01,49.7
2026-06-30 11:54 IST,INDHOTEL,SCALP,BUY,₹716.3499755859375,₹708.76,₹719.93,1:0.47,64.8
2026-06-30 11:55 IST,JINDALSTEL,SWING,BUY,₹1063.0999755859375,₹1047.99,₹1090.01,1:1.78,—
2026-06-30 11:53 IST,COLPAL,SCALP,BUY,₹1997.800048828125,₹1984.79,₹2007.79,1:0.77,61.8
2026-06-30 11:49 IST,ASHOKLEY,SCALP,BUY,₹158.44000244140625,₹157.07,₹159.23,1:0.58,57.7
2026-06-30 11:50 IST,MGL,SWING,BUY,₹1167.800048828125,₹1150.83,₹1199.48,1:1.87,—
2026-06-30 11:45 IST,KOTAKBANK,MOMENTUM,SELL,₹392.95001220703125,₹395.96,₹387.06,1:1.96,43.8
2026-06-30 11:50 IST,TORNTPOWER,SWING,SELL,₹1418.9000244140625,₹1447.86,₹1382.75,1:1.25,—
2026-06-30 11:52 IST,ADANIENT,SWING,SELL,₹2999.10009765625,₹3038.7,₹2918.42,1:2.04,—
2026-06-30 11:52 IST,INDUSTOWER,SWING,BUY,₹392.8500061035156,₹388.26,₹403.29,1:2.27,—
2026-06-30 11:50 IST,HEROMOTOCO,SWING,SELL,₹4792.2998046875,₹4873.59,₹4660.78,1:1.62,—
2026-06-30 11:50 IST,APOLLOHOSP,SWING,SELL,₹8690.0,₹8795.29,₹8472.12,1:2.07,—
2026-06-30 11:54 IST,TIMKEN,SCALP,BUY,₹3547.89990234375,₹3516.28,₹3565.64,1:0.56,62.8
2026-06-30 11:51 IST,MOTHERSON,SWING,SELL,₹149.83999633789062,₹151.65,₹145.61,1:2.34,—
2026-06-30 12:33:36 IST,BAJAJFINSV,SCALP,BUY,₹1776.0999755859375,₹1766.97,₹1784.98,1:0.97,49.3
2026-06-30 12:33:54 IST,5PAISA,SCALP,BUY,₹354.5,₹352.6,₹356.27,1:0.93,52.0
2026-06-30 12:33:56 IST,TCS,SWING,BUY,₹2041.800048828125,₹2015.67,₹2098.84,1:2.18,—
2026-06-30 12:33:56 IST,INFY,SWING,BUY,₹1010.7999877929688,₹996.12,₹1036.45,1:1.75,—
2026-06-30 12:34:19 IST,BAJAJ-AUTO,SWING,SELL,₹9696.0,₹9865.34,₹9435.85,1:1.54,—
2026-06-30 12:34:21 IST,BHARATFORG,SCALP,BUY,₹2139.5,₹2103.1,₹2150.2,1:0.29,54.8
2026-06-30 12:34:21 IST,BHARATFORG,SWING,SELL,₹2139.5,₹2178.57,₹2077.54,1:1.59,—
2026-06-30 12:34:22 IST,BALKRISIND,SCALP,BUY,₹2197.89990234375,₹2167.57,₹2208.89,1:0.36,62.8
2026-06-30 12:34:34 IST,TORNTPOWER,SCALP,BUY,₹1419.199951171875,₹1413.45,₹1426.3,1:1.23,46.9
2026-06-30 12:34:38 IST,ADANIPORTS,SWING,SELL,₹1801.800048828125,₹1830.34,₹1756.16,1:1.6,—
2026-06-30 12:34:42 IST,POLYCAB,SWING,SELL,₹9942.0,₹10118.08,₹9641.51,1:1.71,—
2026-06-30 12:34:51 IST,CUMMINSIND,SCALP,BUY,₹5632.0,₹5599.73,₹5660.16,1:0.87,54.0
2026-06-30 12:34:55 IST,PRESTIGE,SCALP,BUY,₹1564.5999755859375,₹1554.71,₹1572.42,1:0.79,46.4
2026-06-30 12:35:24 IST,SHREECEM,SCALP,BUY,₹25255.0,₹25129.62,₹25381.27,1:1.01,41.6
2026-06-30 12:38 IST,HDFCBANK,SWING,SELL,₹799.7999877929688,₹810.12,₹779.0,1:2.02,—
2026-06-30 12:39 IST,GEOJITFSL,SCALP,BUY,₹77.80000305175781,₹77.51,₹78.19,1:1.34,48.3
2026-06-30 12:41 IST,PAYTM,SWING,SELL,₹1149.199951171875,₹1170.66,₹1117.59,1:1.47,—
2026-06-30 12:39 IST,ESAFSFB,SCALP,BUY,₹32.72999954223633,₹32.61,₹32.89,1:1.33,50.1
2026-06-30 12:38 IST,MUTHOOTFIN,SCALP,BUY,₹3003.0,₹2986.36,₹3018.01,1:0.9,50.7
2026-06-30 12:38 IST,APTUS,SWING,SELL,₹277.20001220703125,₹280.63,₹269.47,1:2.25,—
2026-06-30 12:39 IST,MPHASIS,SWING,BUY,₹2172.199951171875,₹2142.57,₹2227.7,1:1.87,—
2026-06-30 12:39 IST,NAUKRI,SWING,BUY,₹973.0499877929688,₹960.35,₹997.57,1:1.93,—
2026-06-30 12:39 IST,SYNGENE,SCALP,BUY,₹440.54998779296875,₹437.13,₹442.75,1:0.64,60.8
2026-06-30 12:39 IST,MOTHERSON,SCALP,BUY,₹149.99000549316406,₹148.39,₹150.74,1:0.47,56.7
2026-06-30 12:40 IST,BEML,SCALP,BUY,₹1752.0,₹1738.62,₹1760.76,1:0.65,51.4
2026-06-30 12:40 IST,BLUEDART,SWING,SELL,₹4901.10009765625,₹4974.05,₹4777.07,1:1.7,—
2026-06-30 12:40 IST,CUMMINSIND,SWING,SELL,₹5633.0,₹5704.2,₹5486.06,1:2.06,—
2026-06-30 12:41 IST,NMDC,SWING,BUY,₹84.51000213623047,₹83.1,₹86.71,1:1.56,—
2026-06-30 12:41 IST,APLAPOLLO,SWING,SELL,₹1787.699951171875,₹1810.92,₹1741.34,1:2.0,—
2026-06-30 12:43:07 IST,NYKAA,SCALP,BUY,₹308.0,₹305.95,₹309.54,1:0.75,43.0
2026-06-30 12:43:24 IST,3MINDIA,SWING,BUY,₹33280.0,₹32887.91,₹34184.52,1:2.31,—
2026-06-30 12:43:26 IST,VIJAYA,SCALP,BUY,₹1352.800048828125,₹1338.6,₹1359.56,1:0.48,63.8
2026-06-30 12:41 IST,METROPOLIS,SWING,SELL,₹543.75,₹553.37,₹530.11,1:1.42,—
2026-06-30 12:41 IST,TATAPOWER,SWING,BUY,₹386.0,₹381.44,₹395.7,1:2.13,—
2026-06-30 12:40 IST,ICICIBANK,SWING,BUY,₹1379.300048828125,₹1360.6,₹1414.38,1:1.88,—
2026-06-30 12:41 IST,RBLBANK,SWING,BUY,₹366.3500061035156,₹361.45,₹375.55,1:1.88,—
2026-06-30 12:43 IST,BHEL,SCALP,BUY,₹418.3500061035156,₹415.56,₹420.44,1:0.75,56.9
2026-06-30 12:45 IST,CHALET,SWING,SELL,₹815.0499877929688,₹826.92,₹793.36,1:1.83,—
2026-06-30 12:45 IST,TAJGVK,SCALP,BUY,₹332.70001220703125,₹329.29,₹334.36,1:0.49,62.5
2026-06-30 12:45 IST,HINDALCO,SWING,SELL,₹960.7999877929688,₹975.72,₹934.91,1:1.74,—
2026-06-30 12:42 IST,UNIONBANK,SCALP,SELL,₹173.5800018310547,₹174.1,₹172.71,1:1.67,59.9
2026-06-30 12:45 IST,HAL,MOMENTUM,SELL,₹4386.39990234375,₹4420.39,₹4320.6,1:1.94,43.7
2026-06-30 12:46 IST,JSWSTEEL,MOMENTUM,SELL,₹1229.5,₹1239.98,₹1211.06,1:1.76,40.3
2026-06-30 12:45 IST,HUDCO,SWING,BUY,₹205.3800048828125,₹202.75,₹210.85,1:2.08,—
2026-06-30 12:46 IST,HINDUNILVR,SWING,BUY,₹2120.699951171875,₹2093.17,₹2176.01,1:2.01,—
2026-06-30 12:43 IST,ICICIPRULI,SCALP,BUY,₹488.20001220703125,₹483.54,₹490.64,1:0.52,56.6
2026-06-30 12:45 IST,OFSS,SWING,BUY,₹10812.0,₹10672.48,₹11086.22,1:1.97,—
2026-06-30 12:46 IST,SUPRAJIT,SWING,SELL,₹465.1499938964844,₹473.47,₹452.32,1:1.54,—
2026-06-30 12:44 IST,ANGELONE,SCALP,BUY,₹330.5,₹329.43,₹332.15,1:1.54,60.8
2026-06-30 12:48 IST,MARICO,SCALP,BUY,₹838.1500244140625,₹832.33,₹842.34,1:0.72,61.5
2026-06-30 12:44 IST,PNB,SWING,BUY,₹106.75,₹105.43,₹109.47,1:2.06,—
2026-06-30 12:48 IST,CEATLTD,SCALP,BUY,₹3463.39990234375,₹3426.34,₹3480.72,1:0.47,64.2
2026-06-30 12:49 IST,RELIANCE,SCALP,BUY,₹1298.300048828125,₹1291.68,₹1304.79,1:0.98,61.5
2026-06-30 12:50 IST,COCHINSHIP,SWING,SELL,₹1489.5,₹1508.47,₹1444.21,1:2.39,—
2026-06-30 12:49 IST,ESCORTS,SWING,BUY,₹2930.0,₹2895.3,₹3003.41,1:2.12,—
2026-06-30 12:56:35 IST,CANBK,SWING,BUY,₹124.94999694824219,₹123.11,₹128.38,1:1.86,—
2026-06-30 12:56:42 IST,MUTHOOTFIN,SWING,SELL,₹3004.39990234375,₹3047.19,₹2926.36,1:1.82,—
2026-06-30 12:58:19 IST,APLAPOLLO,SCALP,BUY,₹1789.5,₹1778.14,₹1798.45,1:0.79,59.0
2026-06-30 12:51 IST,TATAPOWER,MOMENTUM,SELL,₹385.79998779296875,₹388.59,₹380.01,1:2.08,46.2
2026-06-30 12:59 IST,INOXWIND,MOMENTUM,SELL,₹89.66999816894531,₹90.41,₹88.32,1:1.82,41.1
2026-06-30 12:55 IST,BLUEDART,SCALP,BUY,₹4898.0,₹4870.3,₹4922.49,1:0.88,44.6
2026-06-30 12:55 IST,ABB,SWING,SELL,₹7070.0,₹7167.2,₹6888.13,1:1.87,—
2026-06-30 12:56 IST,BEL,MOMENTUM,SELL,₹411.1000061035156,₹414.26,₹404.93,1:1.95,42.7
2026-06-30 12:52 IST,IGL,SWING,BUY,₹167.1699981689453,₹164.95,₹171.5,1:1.95,—
2026-06-30 12:57 IST,BEL,SCALP,BUY,₹411.54998779296875,₹410.17,₹413.61,1:1.49,51.9
2026-06-30 12:48 IST,AXISBANK,SCALP,SELL,₹1359.300048828125,₹1363.38,₹1352.5,1:1.67,65.9
2026-06-30 12:49 IST,PERSISTENT,SWING,SELL,₹4309.0,₹4370.43,₹4197.86,1:1.81,—
2026-06-30 12:48 IST,KOTAKBANK,SCALP,BUY,₹395.25,₹392.02,₹397.23,1:0.61,64.0
2026-06-30 13:00 IST,GODREJCP,SWING,BUY,₹1011.2000122070312,₹996.54,₹1038.31,1:1.85,—
2026-06-30 12:49 IST,HDFCBANK,SCALP,BUY,₹799.0499877929688,₹795.5,₹803.05,1:1.13,44.8
2026-06-30 12:56 IST,MRF,SWING,SELL,₹126720.0,₹128659.83,₹123109.59,1:1.86,—
2026-06-30 12:50 IST,IDFCFIRSTB,SWING,SELL,₹78.88999938964844,₹79.88,₹76.91,1:2.0,—
2026-06-30 12:55 IST,CIPLA,SWING,SELL,₹1473.800048828125,₹1494.37,₹1434.33,1:1.92,—
2026-06-30 12:56 IST,GLAND,SWING,SELL,₹2498.699951171875,₹2552.28,₹2428.54,1:1.31,—
2026-06-30 12:58 IST,MGL,SCALP,SELL,₹1174.800048828125,₹1178.32,₹1168.93,1:1.67,61.6
2026-06-30 12:59 IST,HAVELLS,SCALP,BUY,₹1153.5,₹1146.54,₹1159.27,1:0.83,50.4
2026-06-30 12:54 IST,MOTILALOFS,SCALP,BUY,₹954.25,₹950.04,₹959.02,1:1.13,60.0
2026-06-30 13:04 IST,ULTRACEMCO,SCALP,BUY,₹11303.0,₹11266.19,₹11359.51,1:1.54,54.4
2026-06-30 13:04:36 IST,CRAFTSMAN,SCALP,BUY,₹9479.5,₹9397.8,₹9526.9,1:0.58,51.4
2026-06-30 13:05:10 IST,DABUR,MOMENTUM,SELL,₹423.8999938964844,₹427.0,₹417.54,1:2.05,43.6
2026-06-30 13:00 IST,BPCL,SWING,SELL,₹303.70001220703125,₹307.46,₹295.76,1:2.11,—
2026-06-30 13:04 IST,NAZARA,SCALP,BUY,₹304.75,₹302.72,₹306.27,1:0.75,59.5
2026-06-30 13:00 IST,SONACOMS,SWING,SELL,₹619.2000122070312,₹629.19,₹603.5,1:1.57,—
2026-06-30 12:58 IST,INFY,SCALP,BUY,₹1013.5999755859375,₹1009.77,₹1018.67,1:1.32,62.6
2026-06-30 13:04 IST,TITAN,SCALP,BUY,₹4400.2001953125,₹4346.07,₹4422.2,1:0.41,64.9
2026-06-30 13:00 IST,BIOCON,SWING,SELL,₹417.0,₹423.68,₹405.47,1:1.73,—
2026-06-30 12:58 IST,FEDERALBNK,SCALP,BUY,₹329.6000061035156,₹327.64,₹331.25,1:0.84,64.0
2026-06-30 12:58 IST,IDFCFIRSTB,SCALP,BUY,₹78.94999694824219,₹78.45,₹79.34,1:0.78,54.9
2026-06-30 12:57 IST,SBIN,MOMENTUM,BUY,₹1040.449951171875,₹1031.26,₹1056.06,1:1.7,61.4
2026-06-30 12:58 IST,FEDERALBNK,SCALP,BUY,₹329.6000061035156,₹327.64,₹331.25,1:0.84,64.0
2026-06-30 13:00 IST,TATAELXSI,SWING,BUY,₹3875.699951171875,₹3828.63,₹3980.07,1:2.22,—
2026-06-30 12:59 IST,SBILIFE,SCALP,BUY,₹1757.0,₹1743.52,₹1765.78,1:0.65,60.3
2026-06-30 13:03 IST,TIINDIA,SCALP,BUY,₹3024.0,₹3004.62,₹3039.12,1:0.78,62.1
2026-06-30 13:00 IST,ICICIGI,SWING,BUY,₹1750.0,₹1729.96,₹1796.02,1:2.3,—
2026-06-30 13:02 IST,SYNGENE,SWING,SELL,₹439.79998779296875,₹445.86,₹428.45,1:1.87,—
2026-06-30 13:08 IST,JUBLFOOD,SCALP,BUY,₹419.79998779296875,₹415.81,₹421.9,1:0.53,53.5
2026-06-30 13:02 IST,NAUKRI,SCALP,SELL,₹975.1500244140625,₹978.08,₹970.27,1:1.67,71.5
2026-06-30 13:05 IST,ONGC,SWING,SELL,₹234.5500030517578,₹237.36,₹228.41,1:2.19,—
2026-06-30 13:07 IST,HAL,SCALP,BUY,₹4389.39990234375,₹4371.42,₹4411.35,1:1.22,54.2
2026-06-30 13:06 IST,GRANULES,SCALP,BUY,₹801.9000244140625,₹797.18,₹805.91,1:0.85,48.2
2026-06-30 13:07 IST,HEROMOTOCO,SCALP,BUY,₹4780.39990234375,₹4743.09,₹4804.3,1:0.64,42.3
2026-06-30 13:11 IST,CONCOR,SCALP,BUY,₹474.54998779296875,₹470.75,₹476.92,1:0.62,64.8
2026-06-30 13:05 IST,EQUITASBNK,SWING,SELL,₹75.25,₹76.27,₹73.25,1:1.96,—
2026-06-30 13:06 IST,AAVAS,SWING,BUY,₹1491.0,₹1474.07,₹1528.39,1:2.21,—
2026-06-30 13:10 IST,COALINDIA,SWING,BUY,₹439.1499938964844,₹434.36,₹450.58,1:2.39,—
2026-06-30 13:14 IST,TRENT,MOMENTUM,SELL,₹3272.699951171875,₹3300.66,₹3223.61,1:1.76,40.0
2026-06-30 13:17 IST,GRASIM,SCALP,BUY,₹3109.5,₹3097.59,₹3125.05,1:1.31,64.1
2026-06-30 13:07 IST,HDFCLIFE,MOMENTUM,SELL,₹575.2000122070312,₹579.63,₹566.57,1:1.95,41.8
2026-06-30 13:14 IST,INDUSTOWER,SCALP,SELL,₹392.8999938964844,₹394.08,₹390.94,1:1.66,62.5
2026-06-30 13:15 IST,HAVELLS,MOMENTUM,SELL,₹1151.699951171875,₹1160.79,₹1134.42,1:1.9,41.5
2026-06-30 13:20 IST,LICI,SWING,SELL,₹431.95001220703125,₹439.5,₹420.81,1:1.48,—
2026-06-30 13:20 IST,NAZARA,SWING,SELL,₹304.5,₹308.16,₹296.79,1:2.11,—
2026-06-30 13:15 IST,BOSCHLTD,SWING,BUY,₹39970.0,₹39450.63,₹40990.26,1:1.96,—
2026-06-30 13:23 IST,RATNAMANI,SWING,BUY,₹2529.800048828125,₹2487.52,₹2595.85,1:1.56,—
2026-06-30 13:12 IST,5PAISA,SWING,SELL,₹354.6499938964844,₹359.29,₹345.65,1:1.94,—
2026-06-30 13:15 IST,TORNTPHARM,MOMENTUM,SELL,₹4649.2001953125,₹4683.28,₹4579.46,1:2.05,41.9
2026-06-30 13:17 IST,METROPOLIS,SCALP,BUY,₹544.75,₹539.43,₹547.47,1:0.51,50.9
2026-06-30 13:18 IST,TIINDIA,SWING,SELL,₹3015.10009765625,₹3059.1,₹2939.25,1:1.72,—
2026-06-30 13:19 IST,POWERGRID,SWING,BUY,₹286.20001220703125,₹282.17,₹293.39,1:1.78,—
2026-06-30 13:25:29 IST,ABBOTINDIA,SWING,SELL,₹25425.0,₹25756.0,₹24762.81,1:2.0,—
2026-06-30 13:26:29 IST,TAJGVK,SWING,SELL,₹333.29998779296875,₹337.37,₹324.44,1:2.18,—
2026-06-30 13:27 IST,BOSCHLTD,SCALP,SELL,₹40015.0,₹40135.04,₹39814.93,1:1.67,57.8
2026-06-30 13:13 IST,AUBANK,SCALP,BUY,₹1035.3499755859375,₹1030.26,₹1040.53,1:1.02,44.9
2026-06-30 13:14 IST,SURYODAY,SCALP,BUY,₹177.25,₹175.19,₹178.14,1:0.43,59.1
2026-06-30 13:19 IST,ONGC,SCALP,BUY,₹234.60000610351562,₹231.67,₹235.77,1:0.4,56.3
2026-06-30 13:25 IST,DMART,MOMENTUM,SELL,₹4371.10009765625,₹4402.6,₹4305.53,1:2.08,42.5
2026-06-30 13:16 IST,WIPRO,SWING,BUY,₹171.05999755859375,₹169.11,₹175.65,1:2.35,—
2026-06-30 13:20 IST,HINDPETRO,SWING,SELL,₹394.3999938964844,₹399.32,₹384.02,1:2.11,—
2026-06-30 13:25 IST,PVRINOX,SWING,BUY,₹963.9500122070312,₹950.69,₹988.24,1:1.83,—
2026-06-30 13:25 IST,PAGEIND,SWING,SELL,₹40960.0,₹41683.53,₹39828.02,1:1.56,—
2026-06-30 13:19 IST,KRSNAA,SCALP,BUY,₹547.5,₹541.33,₹550.24,1:0.44,60.6
2026-06-30 13:20 IST,EICHERMOT,MOMENTUM,SELL,₹7124.5,₹7178.92,₹7017.63,1:1.96,42.8
2026-06-30 13:23 IST,SIEMENS,MOMENTUM,SELL,₹3602.800048828125,₹3629.51,₹3548.76,1:2.02,41.3
2026-06-30 13:16 IST,INDIANB,MOMENTUM,SELL,₹815.0,₹821.67,₹802.77,1:1.83,40.9
2026-06-30 13:15 IST,BAJFINANCE,SWING,SELL,₹999.9000244140625,₹1013.17,₹972.82,1:2.04,—
2026-06-30 13:15 IST,BAJAJFINSV,SWING,SELL,₹1780.0999755859375,₹1801.33,₹1733.83,1:2.18,—
2026-06-30 13:18 IST,IIFL,SCALP,BUY,₹503.8500061035156,₹499.64,₹506.37,1:0.6,43.3
2026-06-30 13:20 IST,LAURUSLABS,SWING,SELL,₹1503.5,₹1525.06,₹1464.33,1:1.82,—
2026-06-30 13:24 IST,POLYCAB,SCALP,BUY,₹9908.0,₹9792.07,₹9957.54,1:0.43,53.6
2026-06-30 13:20 IST,AUROPHARMA,SWING,SELL,₹1579.0,₹1607.11,₹1538.45,1:1.44,—
2026-06-30 13:18 IST,GEOJITFSL,MOMENTUM,SELL,₹77.69999694824219,₹78.37,₹76.53,1:1.75,40.7
2026-06-30 13:20 IST,KPITTECH,SWING,BUY,₹682.25,₹670.03,₹700.61,1:1.5,—
2026-06-30 13:33:27 IST,PIDILITIND,SCALP,BUY,₹1603.0,₹1589.01,₹1611.01,1:0.57,63.9
2026-06-30 13:18 IST,RBLBANK,SCALP,SELL,₹366.79998779296875,₹367.9,₹364.97,1:1.66,63.3
2026-06-30 13:20 IST,TECHM,SWING,BUY,₹1402.4000244140625,₹1381.28,₹1442.97,1:1.92,—
2026-06-30 13:20 IST,MOTILALOFS,MOMENTUM,SELL,₹952.5,₹959.82,₹938.21,1:1.95,42.9
2026-06-30 13:22 IST,LUPIN,SCALP,BUY,₹2416.39990234375,₹2402.0,₹2428.48,1:0.84,61.5
2026-06-30 13:22 IST,LUPIN,MOMENTUM,BUY,₹2416.39990234375,₹2395.55,₹2452.65,1:1.74,61.5
2026-06-30 13:26 IST,ABB,MOMENTUM,SELL,₹7056.0,₹7112.66,₹6950.16,1:1.87,41.3
2026-06-30 13:34 IST,AMBUJACEM,SCALP,BUY,₹423.5,₹421.03,₹425.62,1:0.86,53.8
2026-06-30 13:19 IST,FEDERALBNK,SWING,SELL,₹329.1000061035156,₹333.45,₹320.8,1:1.91,—
2026-06-30 13:35 IST,SHREECEM,SWING,SELL,₹25295.0,₹25568.9,₹24651.17,1:2.35,—
2026-06-30 13:25 IST,KRSNAA,SWING,SELL,₹545.8499755859375,₹554.94,₹531.09,1:1.62,—
2026-06-30 13:35 IST,TATASTEEL,SWING,SELL,₹189.1699981689453,₹191.31,₹184.21,1:2.32,—
2026-06-30 13:28 IST,COALINDIA,SCALP,SELL,₹439.6000061035156,₹440.92,₹437.4,1:1.67,57.2
2026-06-30 13:32 IST,TIMKEN,SWING,BUY,₹3522.300048828125,₹3468.27,₹3611.29,1:1.65,—
2026-06-30 13:29 IST,IOC,SCALP,BUY,₹139.4199981689453,₹138.85,₹140.12,1:1.23,54.7
2026-06-30 13:34 IST,GODREJCP,SCALP,SELL,₹1013.0,₹1016.04,₹1007.93,1:1.67,63.3
2026-06-30 13:30 IST,SONACOMS,MOMENTUM,SELL,₹617.9500122070312,₹622.94,₹608.68,1:1.86,42.4
2026-06-30 13:29 IST,EICHERMOT,SCALP,BUY,₹7125.0,₹7067.88,₹7160.62,1:0.62,46.4
2026-06-30 13:35 IST,ITC,SWING,BUY,₹286.75,₹283.21,₹294.24,1:2.12,—
2026-06-30 13:37 IST,IRCTC,SWING,BUY,₹504.70001220703125,₹499.35,₹517.35,1:2.36,—
2026-06-30 13:40:15 IST,PRESTIGE,MOMENTUM,SELL,₹1563.5999755859375,₹1575.15,₹1540.15,1:2.03,46.0
2026-06-30 13:40:39 IST,AMBUJACEM,SWING,SELL,₹423.3999938964844,₹428.54,₹412.54,1:2.11,—
2026-06-30 13:23 IST,BAJFINANCE,SCALP,BUY,₹1000.0,₹989.95,₹1005.0,1:0.5,58.7
2026-06-30 13:25 IST,ABCAPITAL,MOMENTUM,SELL,₹392.1000061035156,₹395.07,₹386.22,1:1.98,41.7
2026-06-30 13:26 IST,INFY,MOMENTUM,SELL,₹1011.4000244140625,₹1018.87,₹996.23,1:2.03,44.8
2026-06-30 13:33 IST,SIEMENS,SCALP,BUY,₹3610.300048828125,₹3589.37,₹3628.35,1:0.86,64.6
2026-06-30 13:26 IST,ANGELONE,SWING,BUY,₹329.70001220703125,₹325.12,₹337.97,1:1.81,—
2026-06-30 13:52:41 IST,CHOLAFIN,SCALP,BUY,₹1798.9000244140625,₹1785.93,₹1807.89,1:0.69,64.6
2026-06-30 13:53:09 IST,ZYDUSLIFE,SCALP,BUY,₹1122.0999755859375,₹1117.45,₹1127.71,1:1.21,52.3
2026-06-30 13:33 IST,MRF,SCALP,BUY,₹126825.0,₹125326.21,₹127459.12,1:0.42,62.9
2026-06-30 13:38 IST,GODREJPROP,SCALP,BUY,₹1871.300048828125,₹1858.15,₹1880.66,1:0.71,40.6
2026-06-30 13:37 IST,DLF,SCALP,BUY,₹619.8499755859375,₹613.79,₹622.95,1:0.51,63.6
2026-06-30 13:40 IST,VOLTAS,SWING,BUY,₹1281.0,₹1264.33,₹1313.74,1:1.96,—
2026-06-30 13:25 IST,AXISBANK,MOMENTUM,SELL,₹1357.0999755859375,₹1367.54,₹1336.74,1:1.95,42.0
2026-06-30 13:25 IST,INDUSINDBK,SWING,SELL,₹930.1500244140625,₹942.15,₹905.85,1:2.03,—
2026-06-30 13:52 IST,PIDILITIND,SWING,SELL,₹1603.199951171875,₹1626.97,₹1559.58,1:1.84,—
2026-06-30 13:52 IST,COLPAL,SWING,SELL,₹1995.0,₹2017.99,₹1944.5,1:2.2,—
2026-06-30 13:55 IST,VEDL,SWING,SELL,₹280.70001220703125,₹284.42,₹273.62,1:1.9,—
2026-06-30 13:27 IST,INDIANB,SWING,BUY,₹815.2000122070312,₹803.72,₹835.62,1:1.78,—
2026-06-30 13:40 IST,GODREJPROP,MOMENTUM,SELL,₹1872.300048828125,₹1885.95,₹1844.22,1:2.06,45.6
2026-06-30 13:52 IST,DLF,SWING,SELL,₹618.7000122070312,₹626.33,₹602.65,1:2.1,—
2026-06-30 13:29 IST,ABCAPITAL,SCALP,BUY,₹392.5,₹391.04,₹394.46,1:1.34,52.8
2026-06-30 13:54 IST,NESCO,SWING,BUY,₹1081.800048828125,₹1068.21,₹1109.54,1:2.04,—
2026-06-30 13:55 IST,OBEROIRLTY,SWING,SELL,₹1775.5999755859375,₹1798.35,₹1729.06,1:2.05,—
2026-06-30 13:55 IST,HINDUNILVR,MOMENTUM,SELL,₹2121.5,₹2138.18,₹2089.68,1:1.91,41.0
2026-06-30 14:00 IST,GRASIM,SWING,SELL,₹3110.0,₹3153.02,₹3029.68,1:1.87,—
2026-06-30 13:31 IST,INDIANB,SCALP,SELL,₹816.2999877929688,₹818.75,₹812.22,1:1.67,56.4
2026-06-30 13:35 IST,DRREDDY,SWING,SELL,₹1365.4000244140625,₹1381.57,₹1329.67,1:2.21,—
2026-06-30 13:40 IST,BPCL,SCALP,BUY,₹303.1000061035156,₹301.52,₹304.62,1:0.96,41.6
2026-06-30 13:35 IST,COFORGE,SWING,BUY,₹1481.5999755859375,₹1462.38,₹1519.93,1:1.99,—
2026-06-30 14:01 IST,RECLTD,SWING,BUY,₹363.8999938964844,₹359.61,₹373.29,1:2.19,—
2026-06-30 13:52 IST,CESC,SWING,SELL,₹169.02999877929688,₹171.73,₹164.62,1:1.63,—
2026-06-30 13:35 IST,DRREDDY,SWING,SELL,₹1365.4000244140625,₹1381.57,₹1329.67,1:2.21,—
2026-06-30 13:40 IST,LALPATHLAB,SWING,SELL,₹1662.5,₹1695.16,₹1617.24,1:1.39,—
2026-06-30 13:54 IST,TATAPOWER,SCALP,BUY,₹386.1000061035156,₹384.56,₹388.03,1:1.25,60.5
2026-06-30 13:59 IST,BRITANNIA,SCALP,BUY,₹5152.0,₹5117.38,₹5177.76,1:0.74,64.0
2026-06-30 13:37 IST,KPITTECH,SCALP,SELL,₹683.1500244140625,₹685.2,₹679.73,1:1.67,55.7
2026-06-30 13:52 IST,PFIZER,MOMENTUM,SELL,₹4438.60009765625,₹4472.43,₹4372.02,1:1.97,43.0
2026-06-30 14:54:32 IST,HOMEFIRST,SCALP,SELL,₹1148.5,₹1151.95,₹1142.76,1:1.66,62.9
2026-06-30 14:55:08 IST,CEATLTD,SWING,SELL,₹3465.199951171875,₹3507.34,₹3377.68,1:2.08,—
2026-06-30 14:55:19 IST,MGL,MOMENTUM,BUY,₹1173.5,₹1164.46,₹1191.1,1:1.95,53.2
2026-06-30 15:01:47 IST,APTUS,MOMENTUM,SELL,₹277.70001220703125,₹279.99,₹273.53,1:1.82,41.1
2026-06-30 15:02:15 IST,GLAXO,SCALP,BUY,₹2442.699951171875,₹2402.85,₹2454.91,1:0.31,54.9
2026-06-30 15:02:41 IST,ADANIPORTS,SCALP,BUY,₹1809.800048828125,₹1793.67,₹1818.85,1:0.56,42.1
2026-06-30 15:02:49 IST,GRSE,SWING,SELL,₹2719.0,₹2771.52,₹2650.08,1:1.31,—
2026-06-30 15:03:04 IST,ITC,SCALP,SELL,₹286.3999938964844,₹287.26,₹284.97,1:1.66,55.7
2026-06-30 15:03:04 IST,NESTLEIND,SCALP,BUY,₹1406.300048828125,₹1402.08,₹1413.33,1:1.67,52.5
2026-06-30 15:03:23 IST,CHALET,SCALP,BUY,₹815.0499877929688,₹811.96,₹819.13,1:1.32,44.3
2026-06-30 15:03:28 IST,NMDC,SCALP,BUY,₹85.12999725341797,₹84.55,₹85.56,1:0.74,43.1
2026-06-30 15:09:27 IST,ICICIBANK,MOMENTUM,SELL,₹1373.300048828125,₹1384.59,₹1352.7,1:1.82,41.5
2026-06-30 15:09:55 IST,TECHM,MOMENTUM,BUY,₹1407.9000244140625,₹1396.42,₹1429.02,1:1.84,55.5
2026-06-30 15:09:56 IST,PERSISTENT,SCALP,BUY,₹4327.0,₹4287.15,₹4348.63,1:0.54,48.0
2026-06-30 15:11:17 IST,LEMONTREE,SWING,SELL,₹116.7699966430664,₹118.33,₹113.67,1:1.99,—
2026-07-01 11:08:32 IST,HDFCBANK,SWING,BUY,Rs.797.2999877929688,Rs.787.06,Rs.817.45,1:1.97,-
2026-07-01 11:09:07 IST,BAJAJ-AUTO,MOMENTUM,SELL,Rs.9835.0,Rs.9907.71,Rs.9687.48,1:2.03,43.6
2026-07-01 11:09:14 IST,MRF,SWING,SELL,Rs.129735.0,Rs.132002.05,Rs.126286.39,1:1.52,-
2026-07-01 11:09:27 IST,BHEL,SWING,SELL,Rs.418.3500061035156,Rs.425.44,Rs.407.32,1:1.56,-
2026-07-01 11:09:36 IST,PRESTIGE,SCALP,BUY,Rs.1588.699951171875,Rs.1580.6,Rs.1596.64,1:0.98,47.8
2026-07-01 11:09:37 IST,BRIGADE,SCALP,BUY,Rs.500.3999938964844,Rs.498.17,Rs.502.9,1:1.12,63.4
2026-07-01 11:09:39 IST,HINDUNILVR,SCALP,BUY,Rs.2167.0,Rs.2156.26,Rs.2177.83,1:1.01,57.2
2026-07-01 11:09:40 IST,BRITANNIA,SCALP,BUY,Rs.5202.0,Rs.5161.16,Rs.5228.01,1:0.64,51.4
2026-07-01 11:09:42 IST,TATACONSUM,MOMENTUM,SELL,Rs.1083.5,Rs.1092.16,Rs.1067.25,1:1.88,41.1
2026-07-01 11:09:47 IST,JUBLFOOD,SCALP,BUY,Rs.422.0,Rs.418.5,Rs.424.11,1:0.6,55.4
2026-07-01 11:09:48 IST,NAZARA,SWING,BUY,Rs.304.70001220703125,Rs.299.35,Rs.312.39,1:1.44,-
2026-07-01 11:11:10 IST,ABCAPITAL,SCALP,BUY,Rs.392.3500061035156,Rs.390.25,Rs.394.31,1:0.93,47.7
2026-07-01 11:11:16 IST,TCS,SWING,BUY,Rs.2038.300048828125,Rs.2012.24,Rs.2091.14,1:2.03,-
2026-07-01 11:11:17 IST,WIPRO,SWING,BUY,Rs.170.75,Rs.168.77,Rs.175.12,1:2.21,-
2026-07-01 11:11:28 IST,NATCOPHARM,SWING,BUY,Rs.937.0,Rs.924.34,Rs.961.29,1:1.92,-
2026-07-01 11:11:29 IST,TORNTPHARM,SWING,BUY,Rs.4598.0,Rs.4534.29,Rs.4719.17,1:1.9,-
2026-07-01 11:11:56 IST,BEML,SWING,SELL,Rs.1853.199951171875,Rs.1900.73,Rs.1797.01,1:1.18,-
2026-07-01 11:12:19 IST,TATASTEEL,MOMENTUM,SELL,Rs.187.63999938964844,Rs.189.17,Rs.184.83,1:1.84,44.0
2026-07-01 11:12:28 IST,RATNAMANI,SWING,BUY,Rs.2481.60009765625,Rs.2442.0,Rs.2548.65,1:1.69,-
2026-07-01 11:16:12 IST,COFORGE,SWING,BUY,Rs.1413.0,Rs.1380.06,Rs.1460.4,1:1.44,-
2026-07-01 11:16:13 IST,OFSS,SWING,SELL,Rs.10958.0,Rs.11274.0,Rs.10624.72,1:1.05,-
2026-07-01 11:16:16 IST,DIVISLAB,SWING,BUY,Rs.6565.0,Rs.6472.75,Rs.6730.38,1:1.79,-
2026-07-01 11:16:17 IST,LUPIN,SWING,BUY,Rs.2399.89990234375,Rs.2368.84,Rs.2464.74,1:2.09,-
2026-07-01 11:16:18 IST,ALKEM,SWING,BUY,Rs.5534.0,Rs.5451.88,Rs.5681.88,1:1.8,-
2026-07-01 11:16:20 IST,GRANULES,SWING,BUY,Rs.815.7999877929688,Rs.804.25,Rs.836.69,1:1.81,-
2026-07-01 11:16:36 IST,IGL,SWING,BUY,Rs.160.0,Rs.157.08,Rs.165.3,1:1.82,-
2026-07-01 11:16:38 IST,CESC,SWING,SELL,Rs.169.8000030517578,Rs.172.05,Rs.165.48,1:1.92,-
2026-07-01 11:16:41 IST,ADANIENT,SWING,SELL,Rs.3083.800048828125,Rs.3147.5,Rs.2990.4,1:1.47,-
2026-07-01 11:16:50 IST,GRINDWELL,SWING,BUY,Rs.2126.89990234375,Rs.2078.01,Rs.2196.4,1:1.42,-
2026-07-01 11:16:58 IST,GODREJCP,SWING,SELL,Rs.1039.800048828125,Rs.1053.19,Rs.1012.02,1:2.07,-
2026-07-01 11:17:04 IST,PVRINOX,SWING,SELL,Rs.993.0999755859375,Rs.1007.13,Rs.966.21,1:1.92,-
2026-07-01 11:17:11 IST,AMBUJACEM,SCALP,BUY,Rs.422.04998779296875,Rs.419.22,Rs.424.16,1:0.75,62.2
2026-07-01 11:21:05 IST,HDFCLIFE,SCALP,BUY,Rs.572.4500122070312,Rs.569.84,Rs.575.31,1:1.1,51.3
2026-07-01 11:21:19 IST,SUNPHARMA,SWING,BUY,Rs.1874.699951171875,Rs.1851.31,Rs.1922.35,1:2.04,-
2026-07-01 11:21:23 IST,BIOCON,SCALP,SELL,Rs.422.0,Rs.423.27,Rs.419.89,1:1.66,56.1
2026-07-01 11:21:32 IST,BHARATFORG,SWING,BUY,Rs.2109.300048828125,Rs.2072.18,Rs.2165.89,1:1.52,-
2026-07-01 11:21:32 IST,BALKRISIND,SWING,BUY,Rs.2172.39990234375,Rs.2146.64,Rs.2230.42,1:2.25,-
2026-07-01 11:21:49 IST,HAVELLS,SWING,SELL,Rs.1193.5,Rs.1214.11,Rs.1163.08,1:1.48,-
2026-07-01 11:22:07 IST,ASIANPAINT,SWING,SELL,Rs.2699.699951171875,Rs.2731.35,Rs.2618.77,1:2.56,-
2026-07-01 11:22:09 IST,TRENT,SWING,SELL,Rs.3286.300048828125,Rs.3325.17,Rs.3201.74,1:2.18,-
2026-07-01 11:25:55 IST,PNB,SWING,SELL,Rs.107.98999786376953,Rs.109.41,Rs.105.02,1:2.09,-
2026-07-01 11:25:56 IST,BANKBARODA,SWING,SELL,Rs.273.20001220703125,Rs.277.03,Rs.266.26,1:1.81,-
2026-07-01 11:26:18 IST,HFCL,SWING,SELL,Rs.214.08999633789062,Rs.218.63,Rs.208.51,1:1.23,-
2026-07-01 11:26:54 IST,ADANIPORTS,SWING,SELL,Rs.1857.199951171875,Rs.1901.5,Rs.1810.64,1:1.05,-
2026-07-01 11:27:25 IST,JUBLFOOD,SWING,SELL,Rs.421.3500061035156,Rs.430.38,Rs.409.99,1:1.26,-
2026-07-01 11:27:28 IST,PAYTM,SWING,SELL,Rs.1185.699951171875,Rs.1209.12,Rs.1150.13,1:1.52,-
2026-07-01 11:27:29 IST,INDHOTEL,SWING,SELL,Rs.718.0999755859375,Rs.727.35,Rs.699.76,1:1.98,-
2026-07-01 11:27:36 IST,GRASIM,SWING,SELL,Rs.3122.89990234375,Rs.3159.46,Rs.3039.97,1:2.27,-
2026-07-01 11:27:40 IST,RECLTD,SCALP,BUY,Rs.368.0,Rs.365.53,Rs.369.84,1:0.74,61.0
2026-07-01 11:27:42 IST,3MINDIA,SWING,SELL,Rs.33370.0,Rs.33910.61,Rs.32508.21,1:1.59,-
2026-07-01 11:31:34 IST,BAJAJFINSV,SWING,SELL,Rs.1772.0,Rs.1802.66,Rs.1724.84,1:1.54,-
2026-07-01 11:31:43 IST,ICICIGI,SWING,SELL,Rs.1753.9000244140625,Rs.1777.92,Rs.1709.27,1:1.86,-
2026-07-01 11:31:44 IST,MANAPPURAM,SWING,SELL,Rs.320.0,Rs.324.06,Rs.311.97,1:1.98,-
2026-07-01 11:31:47 IST,EQUITASBNK,SWING,SELL,Rs.77.12999725341797,Rs.78.15,Rs.75.09,1:2.0,-
2026-07-01 11:31:58 IST,PERSISTENT,MOMENTUM,SELL,Rs.4359.7998046875,Rs.4395.36,Rs.4294.4,1:1.84,42.6
2026-07-01 11:32:08 IST,BIOCON,SWING,BUY,Rs.420.6499938964844,Rs.415.08,Rs.431.71,1:1.99,-
2026-07-01 11:32:23 IST,CEATLTD,SWING,SELL,Rs.3558.89990234375,Rs.3617.79,Rs.3457.1,1:1.73,-
2026-07-01 11:33:20 IST,NMDC,SWING,BUY,Rs.84.52999877929688,Rs.83.43,Rs.86.73,1:2.0,-
2026-07-01 11:33:21 IST,ULTRACEMCO,MOMENTUM,SELL,Rs.11405.0,Rs.11493.66,Rs.11233.92,1:1.93,40.7
2026-07-01 11:33:22 IST,AMBUJACEM,SWING,SELL,Rs.421.1499938964844,Rs.426.49,Rs.410.55,1:1.99,-
2026-07-01 11:33:28 IST,INOXWIND,SCALP,BUY,Rs.91.12000274658203,Rs.90.52,Rs.91.58,1:0.77,64.7
2026-07-01 11:35:55 IST,ICICIPRULI,SWING,SELL,Rs.492.25,Rs.499.99,Rs.479.86,1:1.6,-
2026-07-01 11:35:57 IST,CHOLAFIN,SWING,SELL,Rs.1793.199951171875,Rs.1818.41,Rs.1746.46,1:1.85,-
2026-07-01 11:36:18 IST,ZYDUSLIFE,SWING,BUY,Rs.1112.0999755859375,Rs.1097.44,Rs.1142.12,1:2.05,-
2026-07-01 11:36:21 IST,KRSNAA,MOMENTUM,SELL,Rs.547.2999877929688,Rs.551.52,Rs.539.09,1:1.95,47.8
2026-07-01 11:36:27 IST,TIINDIA,SWING,BUY,Rs.3047.5,Rs.3009.84,Rs.3129.16,1:2.17,-
2026-07-01 11:36:29 IST,RELIANCE,SWING,SELL,Rs.1308.300048828125,Rs.1324.03,Rs.1274.54,1:2.15,-
2026-07-01 11:36:42 IST,COCHINSHIP,MOMENTUM,SELL,Rs.1499.0,Rs.1512.06,Rs.1476.51,1:1.72,40.4
2026-07-01 11:36:44 IST,RVNL,SWING,SELL,Rs.239.7899932861328,Rs.243.08,Rs.233.3,1:1.97,-
2026-07-01 11:36:45 IST,CONCOR,SWING,SELL,Rs.480.75,Rs.487.09,Rs.467.61,1:2.07,-
2026-07-01 11:36:55 IST,DABUR,SWING,SELL,Rs.437.54998779296875,Rs.444.57,Rs.424.63,1:1.84,-
2026-07-01 11:36:57 IST,BERGEPAINT,SCALP,BUY,Rs.510.0,Rs.508.16,Rs.512.55,1:1.39,54.1
2026-07-01 11:41:05 IST,FEDERALBNK,SWING,SELL,Rs.330.6000061035156,Rs.334.94,Rs.321.73,1:2.04,-
2026-07-01 11:41:06 IST,BANDHANBNK,SCALP,BUY,Rs.205.8000030517578,Rs.204.76,Rs.206.83,1:0.99,61.6
2026-07-01 11:41:06 IST,BANDHANBNK,MOMENTUM,BUY,Rs.205.8000030517578,Rs.203.81,Rs.208.89,1:1.55,61.6
2026-07-01 11:41:43 IST,ESCORTS,SWING,BUY,Rs.2967.300048828125,Rs.2926.49,Rs.3047.93,1:1.98,-
2026-07-01 11:41:51 IST,ADANIGREEN,SWING,SELL,Rs.1533.199951171875,Rs.1566.85,Rs.1484.68,1:1.44,-
2026-07-01 11:41:57 IST,HAVELLS,MOMENTUM,SELL,Rs.1191.699951171875,Rs.1201.09,Rs.1173.82,1:1.9,41.3
2026-07-01 11:41:59 IST,BEL,SWING,SELL,Rs.415.54998779296875,Rs.421.5,Rs.404.5,1:1.86,-
2026-07-01 11:41:59 IST,HAL,SWING,SELL,Rs.4440.0,Rs.4508.78,Rs.4323.68,1:1.69,-
2026-07-01 11:42:30 IST,LICI,SWING,SELL,Rs.438.75,Rs.444.61,Rs.426.53,1:2.09,-
2026-07-01 11:46:14 IST,UJJIVANSFB,SCALP,BUY,Rs.60.95000076293945,Rs.60.4,Rs.61.25,1:0.55,61.6
2026-07-01 11:46:32 IST,CIPLA,SWING,BUY,Rs.1452.4000244140625,Rs.1435.27,Rs.1491.23,1:2.27,-
2026-07-01 11:46:39 IST,SYNGENE,SWING,BUY,Rs.427.6499938964844,Rs.419.77,Rs.440.17,1:1.59,-
2026-07-01 11:46:47 IST,EICHERMOT,SWING,SELL,Rs.7130.5,Rs.7218.88,Rs.6946.61,1:2.08,-
2026-07-01 11:47:08 IST,ABB,SWING,BUY,Rs.7030.0,Rs.6935.92,Rs.7207.29,1:1.88,-
2026-07-01 11:47:34 IST,WHIRLPOOL,SWING,SELL,Rs.813.8499755859375,Rs.827.89,Rs.793.19,1:1.47,-
2026-07-01 11:51:53 IST,GRSE,SWING,SELL,Rs.2742.0,Rs.2797.18,Rs.2667.35,1:1.35,-
2026-07-01 11:51:58 IST,TCI,SWING,BUY,Rs.931.0999755859375,Rs.919.86,Rs.955.05,1:2.13,-
2026-07-01 11:52:01 IST,GODREJPROP,SWING,SELL,Rs.1898.0,Rs.1922.66,Rs.1849.38,1:1.97,-
2026-07-01 11:52:02 IST,SOBHA,SCALP,BUY,Rs.1405.5,Rs.1400.01,Rs.1412.53,1:1.28,47.5
2026-07-01 11:52:04 IST,HINDUNILVR,MOMENTUM,SELL,Rs.2159.800048828125,Rs.2176.54,Rs.2127.4,1:1.94,43.0
2026-07-01 11:52:04 IST,ITC,SWING,SELL,Rs.290.0,Rs.293.42,Rs.282.37,1:2.23,-
2026-07-01 11:52:10 IST,WHIRLPOOL,MOMENTUM,SELL,Rs.813.5999755859375,Rs.819.92,Rs.801.4,1:1.93,44.7
2026-07-01 11:52:13 IST,IRCTC,MOMENTUM,SELL,Rs.504.8999938964844,Rs.508.53,Rs.497.33,1:2.09,45.3
2026-07-01 11:52:13 IST,PVRINOX,SCALP,BUY,Rs.992.9500122070312,Rs.985.93,Rs.997.91,1:0.71,50.4
2026-07-01 11:55:51 IST,AUBANK,SWING,SELL,Rs.1042.699951171875,Rs.1059.59,Rs.1015.02,1:1.64,-
2026-07-01 11:56:35 IST,CRAFTSMAN,SWING,BUY,Rs.9341.5,Rs.9232.4,Rs.9599.64,1:2.37,-
2026-07-01 11:56:39 IST,HINDPETRO,SCALP,BUY,Rs.393.8500061035156,Rs.392.21,Rs.395.82,1:1.2,43.0
2026-07-01 11:56:59 IST,PRESTIGE,SWING,SELL,Rs.1601.199951171875,Rs.1626.75,Rs.1557.72,1:1.7,-
2026-07-01 11:57:15 IST,LEMONTREE,SWING,SELL,Rs.118.75,Rs.120.49,Rs.115.78,1:1.71,-
2026-07-01 12:01:15 IST,BANKBARODA,SCALP,BUY,Rs.272.6000061035156,Rs.271.71,Rs.273.96,1:1.53,47.1
2026-07-01 12:01:28 IST,TECHM,SWING,BUY,Rs.1363.699951171875,Rs.1343.84,Rs.1402.78,1:1.97,-
2026-07-01 12:01:40 IST,PFIZER,SWING,SELL,Rs.4500.0,Rs.4553.33,Rs.4377.45,1:2.3,-
2026-07-01 12:01:48 IST,SUPRAJIT,SWING,SELL,Rs.468.75,Rs.475.83,Rs.456.77,1:1.69,-
2026-07-01 12:01:54 IST,CESC,MOMENTUM,SELL,Rs.169.47999572753906,Rs.170.92,Rs.166.94,1:1.76,41.0
2026-07-01 12:02:26 IST,GRASIM,SCALP,BUY,Rs.3134.39990234375,Rs.3108.99,Rs.3150.07,1:0.62,59.4
2026-07-01 12:05:55 IST,INDUSINDBK,SWING,SELL,Rs.944.0,Rs.960.91,Rs.917.73,1:1.55,-
2026-07-01 12:06:45 IST,HINDPETRO,SWING,SELL,Rs.394.29998779296875,Rs.400.18,Rs.384.06,1:1.74,-
2026-07-01 12:06:58 IST,COCHINSHIP,SWING,BUY,Rs.1500.4000244140625,Rs.1478.43,Rs.1538.23,1:1.72,-
2026-07-01 12:07:33 IST,PFC,SWING,SELL,Rs.431.95001220703125,Rs.437.66,Rs.419.66,1:2.15,-
2026-07-01 12:11:07 IST,ICICIPRULI,MOMENTUM,SELL,Rs.491.5,Rs.495.35,Rs.484.13,1:1.91,40.5
2026-07-01 12:12:13 IST,TITAN,SWING,BUY,Rs.4438.5,Rs.4381.86,Rs.4558.04,1:2.11,-
2026-07-01 12:12:29 IST,INOXWIND,MOMENTUM,SELL,Rs.90.66999816894531,Rs.91.44,Rs.89.31,1:1.77,41.2
2026-07-01 12:12:29 IST,VIJAYA,SWING,SELL,Rs.1361.0,Rs.1386.3,Rs.1324.3,1:1.45,-
2026-07-01 12:15:59 IST,PNB,MOMENTUM,SELL,Rs.107.5999984741211,Rs.108.41,Rs.105.99,1:1.99,40.7
2026-07-01 12:16:03 IST,ICICIGI,MOMENTUM,SELL,Rs.1750.300048828125,Rs.1763.96,Rs.1724.05,1:1.92,42.1
2026-07-01 12:16:10 IST,GEOJITFSL,MOMENTUM,SELL,Rs.78.29000091552734,Rs.78.87,Rs.77.12,1:2.02,47.1
2026-07-01 12:16:16 IST,NAUKRI,SWING,SELL,Rs.991.2000122070312,Rs.1006.07,Rs.965.88,1:1.7,-
2026-07-01 12:16:25 IST,GLAXO,SWING,BUY,Rs.2453.300048828125,Rs.2421.73,Rs.2519.0,1:2.08,-
2026-07-01 12:16:56 IST,BRIGADE,MOMENTUM,SELL,Rs.500.0,Rs.503.56,Rs.492.5,1:2.11,48.3
2026-07-01 12:16:57 IST,NESCO,SWING,BUY,Rs.1077.4000244140625,Rs.1059.12,Rs.1109.17,1:1.74,-
2026-07-01 12:17:20 IST,RECLTD,SWING,SELL,Rs.369.54998779296875,Rs.374.9,Rs.359.42,1:1.89,-
2026-07-01 12:22:31 IST,ULTRACEMCO,SWING,SELL,Rs.11426.0,Rs.11562.59,Rs.11135.72,1:2.13,-
2026-07-01 12:22:33 IST,APLAPOLLO,MOMENTUM,SELL,Rs.1771.699951171875,Rs.1786.05,Rs.1745.12,1:1.85,42.2
2026-07-01 12:25:49 IST,BAJFINANCE,SWING,SELL,Rs.1021.5999755859375,Rs.1036.88,Rs.992.73,1:1.89,-
2026-07-01 12:26:02 IST,CANFINHOME,SWING,SELL,Rs.883.5,Rs.899.59,Rs.860.18,1:1.45,-
2026-07-01 12:26:02 IST,ANGELONE,SCALP,BUY,Rs.339.5,Rs.335.03,Rs.341.2,1:0.38,63.5
2026-07-01 12:26:33 IST,PETRONET,SWING,BUY,Rs.279.1499938964844,Rs.275.29,Rs.286.84,1:1.99,-
2026-07-01 12:26:41 IST,INDUSTOWER,SWING,SELL,Rs.395.70001220703125,Rs.401.69,Rs.385.06,1:1.78,-
2026-07-01 12:27:14 IST,SHREECEM,SWING,BUY,Rs.25895.0,Rs.25536.07,Rs.26545.45,1:1.81,-
2026-07-01 12:31:37 IST,ESAFSFB,SCALP,BUY,Rs.33.40999984741211,Rs.33.05,Rs.33.58,1:0.47,50.9
2026-07-01 12:31:40 IST,ANGELONE,SWING,SELL,Rs.339.0,Rs.344.64,Rs.329.0,1:1.77,-
2026-07-01 12:31:45 IST,PERSISTENT,SWING,SELL,Rs.4381.2001953125,Rs.4443.32,Rs.4265.97,1:1.85,-
2026-07-01 12:32:37 IST,PIDILITIND,SCALP,BUY,Rs.1589.199951171875,Rs.1581.1,Rs.1597.15,1:0.98,59.3
2026-07-01 12:32:57 IST,HONAUT,MOMENTUM,SELL,Rs.39790.0,Rs.40106.44,Rs.39193.15,1:1.89,45.2
2026-07-01 12:32:58 IST,MPHASIS,SWING,BUY,Rs.2143.800048828125,Rs.2114.92,Rs.2200.85,1:1.98,-
2026-07-01 12:36:33 IST,TIINDIA,MOMENTUM,SELL,Rs.3053.10009765625,Rs.3078.97,Rs.3007.3,1:1.77,44.8
2026-07-01 12:36:44 IST,BHARTIARTL,SWING,SELL,Rs.1878.4000244140625,Rs.1906.19,Rs.1827.79,1:1.82,-
2026-07-01 12:36:55 IST,TIMKEN,SCALP,BUY,Rs.3497.300048828125,Rs.3478.13,Rs.3514.79,1:0.91,43.2
2026-07-01 12:37:04 IST,TATACONSUM,SCALP,BUY,Rs.1088.5,Rs.1082.67,Rs.1093.94,1:0.93,63.3
2026-07-01 12:37:14 IST,HINDALCO,SWING,BUY,Rs.943.4000244140625,Rs.930.55,Rs.967.28,1:1.86,-
2026-07-01 12:37:19 IST,RATNAMANI,MOMENTUM,SELL,Rs.2480.10009765625,Rs.2504.88,Rs.2442.9,1:1.5,40.6
2026-07-01 12:37:23 IST,VIJAYA,SCALP,BUY,Rs.1363.0,Rs.1348.95,Rs.1369.81,1:0.48,51.3
2026-07-01 12:38:55 IST,AXISBANK,SWING,SELL,Rs.1376.800048828125,Rs.1393.66,Rs.1337.64,1:2.32,-
2026-07-01 12:39:50 IST,BEL,SCALP,BUY,Rs.415.8999938964844,Rs.413.44,Rs.417.98,1:0.85,58.7
2026-07-01 12:40:08 IST,VOLTAS,SWING,BUY,Rs.1274.800048828125,Rs.1258.42,Rs.1309.08,1:2.09,-
2026-07-01 12:40:11 IST,IRCTC,SWING,BUY,Rs.504.75,Rs.498.96,Rs.517.37,1:2.18,-
2026-07-01 12:40:15 IST,TAJGVK,SCALP,BUY,Rs.341.04998779296875,Rs.338.47,Rs.342.76,1:0.66,60.6
2026-07-01 12:41:15 IST,INFY,SWING,BUY,Rs.995.4000244140625,Rs.983.04,Rs.1021.83,1:2.14,-
2026-07-01 12:41:16 IST,HCLTECH,SWING,BUY,Rs.1052.199951171875,Rs.1038.98,Rs.1080.73,1:2.16,-
2026-07-01 12:41:18 IST,COFORGE,SCALP,SELL,Rs.1416.9000244140625,Rs.1421.15,Rs.1409.82,1:1.67,55.7
2026-07-01 12:41:41 IST,ONGC,SWING,SELL,Rs.235.3000030517578,Rs.238.54,Rs.229.28,1:1.86,-
2026-07-01 12:41:48 IST,LT,SWING,BUY,Rs.4093.89990234375,Rs.4035.48,Rs.4199.72,1:1.81,-
2026-07-01 12:41:59 IST,THERMAX,SWING,BUY,Rs.5131.0,Rs.5066.22,Rs.5267.81,1:2.11,-
2026-07-01 12:45:58 IST,KOTAKBANK,SWING,SELL,Rs.396.1499938964844,Rs.402.27,Rs.386.2,1:1.63,-
2026-07-01 12:46:01 IST,IDFCFIRSTB,SCALP,BUY,Rs.78.83999633789062,Rs.78.58,Rs.79.23,1:1.5,56.9
2026-07-01 12:51:02 IST,BANDHANBNK,SWING,SELL,Rs.206.14999389648438,Rs.208.78,Rs.200.66,1:2.09,-
2026-07-01 12:51:04 IST,CANBK,SWING,SELL,Rs.127.0999984741211,Rs.128.59,Rs.123.87,1:2.17,-
2026-07-01 12:51:05 IST,SBILIFE,MOMENTUM,SELL,Rs.1768.800048828125,Rs.1781.66,Rs.1742.27,1:2.06,46.3
2026-07-01 12:51:23 IST,AUROPHARMA,SCALP,SELL,Rs.1557.800048828125,Rs.1562.47,Rs.1550.01,1:1.67,61.7
2026-07-01 12:52:24 IST,JINDALSTEL,SWING,BUY,Rs.1030.199951171875,Rs.1017.59,Rs.1057.02,1:2.13,-
2026-07-01 12:52:27 IST,PFC,SCALP,BUY,Rs.431.54998779296875,Rs.428.33,Rs.433.71,1:0.67,55.1
2026-07-01 12:55:57 IST,INDIANB,SWING,SELL,Rs.827.0,Rs.839.7,Rs.804.69,1:1.76,-
2026-07-01 12:56:04 IST,HOMEFIRST,SWING,SELL,Rs.1198.0,Rs.1220.97,Rs.1162.95,1:1.53,-
2026-07-01 12:56:11 IST,TATAELXSI,SWING,BUY,Rs.3603.0,Rs.3528.33,Rs.3701.16,1:1.31,-
2026-07-01 12:56:16 IST,APOLLOHOSP,SWING,BUY,Rs.8637.0,Rs.8528.99,Rs.8863.28,1:2.09,-
2026-07-01 12:56:51 IST,CUMMINSIND,SWING,BUY,Rs.5654.5,Rs.5559.41,Rs.5810.93,1:1.65,-
2026-07-01 12:56:53 IST,DLF,SWING,SELL,Rs.637.0999755859375,Rs.645.37,Rs.617.98,1:2.31,-
2026-07-01 12:57:08 IST,NYKAA,SWING,BUY,Rs.308.75,Rs.304.43,Rs.317.1,1:1.93,-
2026-07-01 13:01:55 IST,TORNTPOWER,SWING,BUY,Rs.1406.699951171875,Rs.1383.43,Rs.1444.96,1:1.64,-
2026-07-01 13:02:06 IST,NBCC,SWING,BUY,Rs.104.30000305175781,Rs.102.71,Rs.107.07,1:1.74,-
2026-07-01 13:02:09 IST,SCHAEFFLER,SWING,BUY,Rs.4141.0,Rs.4073.68,Rs.4253.08,1:1.66,-
2026-07-01 13:02:18 IST,BERGEPAINT,SWING,SELL,Rs.514.2000122070312,Rs.523.01,Rs.500.44,1:1.56,-
2026-07-01 13:06:04 IST,CHOLAFIN,SCALP,BUY,Rs.1796.0999755859375,Rs.1784.28,Rs.1805.08,1:0.76,62.7
2026-07-01 13:06:04 IST,CHOLAFIN,MOMENTUM,BUY,Rs.1796.0999755859375,Rs.1780.9,Rs.1823.04,1:1.77,62.7
2026-07-01 13:06:51 IST,TATAPOWER,SWING,BUY,Rs.379.25,Rs.373.07,Rs.390.33,1:1.79,-
2026-07-01 13:07:01 IST,POLYCAB,SWING,BUY,Rs.9742.5,Rs.9561.0,Rs.9991.01,1:1.37,-
2026-07-01 13:07:27 IST,DMART,SWING,SELL,Rs.4317.2001953125,Rs.4368.53,Rs.4196.97,1:2.34,-
2026-07-01 13:11:15 IST,EQUITASBNK,MOMENTUM,SELL,Rs.77.08000183105469,Rs.77.67,Rs.75.92,1:1.97,41.4
2026-07-01 13:11:20 IST,GEOJITFSL,SWING,BUY,Rs.78.2300033569336,Rs.77.2,Rs.80.2,1:1.91,-
2026-07-01 13:11:47 IST,SONACOMS,MOMENTUM,SELL,Rs.618.8499755859375,Rs.623.56,Rs.609.57,1:1.97,46.3
2026-07-01 13:12:13 IST,NESTLEIND,SCALP,BUY,Rs.1446.199951171875,Rs.1437.82,Rs.1453.43,1:0.86,49.3
2026-07-01 13:12:13 IST,NESTLEIND,SWING,SELL,Rs.1446.199951171875,Rs.1465.13,Rs.1408.85,1:1.97,-
2026-07-01 13:12:17 IST,TATACONSUM,SWING,SELL,Rs.1087.0999755859375,Rs.1102.19,Rs.1059.48,1:1.83,-
2026-07-01 13:16:07 IST,RBLBANK,SWING,BUY,Rs.359.79998779296875,Rs.354.47,Rs.370.02,1:1.92,-
2026-07-01 13:16:31 IST,CYIENT,SWING,BUY,Rs.861.5499877929688,Rs.849.91,Rs.884.4,1:1.96,-
2026-07-01 13:16:49 IST,MOTHERSON,SWING,BUY,Rs.146.85000610351562,Rs.144.88,Rs.150.75,1:1.98,-
2026-07-01 13:17:28 IST,HINDUNILVR,SWING,SELL,Rs.2173.60009765625,Rs.2207.01,Rs.2116.38,1:1.71,-
2026-07-01 13:21:08 IST,HDFCLIFE,SWING,BUY,Rs.565.9500122070312,Rs.558.75,Rs.581.42,1:2.15,-
2026-07-01 13:21:13 IST,APTUS,SWING,SELL,Rs.285.1499938964844,Rs.290.98,Rs.276.87,1:1.42,-
2026-07-01 13:21:49 IST,SIEMENS,SWING,BUY,Rs.3577.699951171875,Rs.3509.32,Rs.3672.6,1:1.39,-
2026-07-01 13:22:04 IST,COLPAL,SWING,SELL,Rs.2063.0,Rs.2104.67,Rs.2001.72,1:1.47,-
2026-07-01 13:22:09 IST,TRENT,MOMENTUM,SELL,Rs.3275.0,Rs.3300.34,Rs.3225.88,1:1.94,44.3
2026-07-01 13:22:14 IST,LEMONTREE,SCALP,BUY,Rs.118.51000213623047,Rs.118.13,Rs.119.1,1:1.55,53.3
2026-07-01 13:26:01 IST,UTKARSHBNK,MOMENTUM,SELL,Rs.14.90999984741211,Rs.15.04,Rs.14.69,1:1.69,40.0
2026-07-01 13:26:04 IST,IIFL,SWING,BUY,Rs.500.04998779296875,Rs.493.69,Rs.513.84,1:2.17,-
2026-07-01 13:26:22 IST,KRSNAA,SWING,SELL,Rs.553.9000244140625,Rs.562.2,Rs.538.43,1:1.86,-
2026-07-01 13:26:27 IST,ASHOKLEY,SWING,SELL,Rs.162.33999633789062,Rs.167.05,Rs.157.76,1:0.97,-
2026-07-01 13:26:38 IST,COALINDIA,SWING,BUY,Rs.434.25,Rs.428.88,Rs.445.73,1:2.14,-
2026-07-01 13:27:13 IST,VEDL,SWING,BUY,Rs.276.79998779296875,Rs.272.52,Rs.284.23,1:1.74,-
2026-07-01 13:32:31 IST,BOSCHLTD,SCALP,BUY,Rs.40350.0,Rs.40086.49,Rs.40551.75,1:0.77,53.6
2026-07-01 13:36:15 IST,ABBOTINDIA,SWING,BUY,Rs.25500.0,Rs.25100.86,Rs.26152.11,1:1.63,-
2026-07-01 13:36:22 IST,APOLLOTYRE,SWING,BUY,Rs.430.5,Rs.425.46,Rs.441.77,1:2.24,-
2026-07-01 13:37:10 IST,TATAINVEST,SWING,BUY,Rs.665.8499755859375,Rs.656.92,Rs.683.31,1:1.96,-
2026-07-01 13:41:10 IST,MUTHOOTFIN,SWING,BUY,Rs.2940.0,Rs.2887.16,Rs.3020.59,1:1.53,-
2026-07-01 13:41:22 IST,KPITTECH,SCALP,SELL,Rs.565.7000122070312,Rs.567.4,Rs.562.87,1:1.66,68.3
2026-07-01 13:41:49 IST,NHPC,SWING,BUY,Rs.79.75,Rs.78.7,Rs.81.85,1:2.0,-
2026-07-01 13:42:05 IST,PHOENIXLTD,SWING,SELL,Rs.2002.5999755859375,Rs.2027.54,Rs.1947.09,1:2.23,-
2026-07-01 13:46:19 IST,GLAND,SWING,SELL,Rs.2469.300048828125,Rs.2511.11,Rs.2400.66,1:1.64,-
2026-07-01 13:46:27 IST,MOTHERSON,MOMENTUM,SELL,Rs.146.9199981689453,Rs.148.15,Rs.144.72,1:1.79,43.8
2026-07-01 13:51:56 IST,HUDCO,SCALP,SELL,Rs.209.1699981689453,Rs.209.8,Rs.208.12,1:1.67,64.7
2026-07-01 13:52:23 IST,SAIL,SWING,BUY,Rs.168.07000732421875,Rs.165.23,Rs.172.93,1:1.71,-
2026-07-01 13:55:56 IST,MANAPPURAM,MOMENTUM,SELL,Rs.319.3999938964844,Rs.321.75,Rs.314.61,1:2.04,46.8
2026-07-01 13:55:59 IST,SURYODAY,SCALP,SELL,Rs.175.50999450683594,Rs.176.04,Rs.174.63,1:1.66,57.0
2026-07-01 13:57:06 IST,GRASIM,MOMENTUM,SELL,Rs.3134.0,Rs.3157.97,Rs.3086.99,1:1.96,40.9
2026-07-01 14:01:44 IST,NAUKRI,MOMENTUM,SELL,Rs.993.1500244140625,Rs.1000.35,Rs.978.25,1:2.07,46.9
2026-07-01 14:02:11 IST,BPCL,SCALP,BUY,Rs.303.0,Rs.302.03,Rs.304.51,1:1.56,52.4
2026-07-01 14:02:31 IST,CONCOR,SCALP,BUY,Rs.481.29998779296875,Rs.477.91,Rs.483.71,1:0.71,49.5
2026-07-01 14:02:51 IST,DMART,SCALP,BUY,Rs.4320.2998046875,Rs.4250.13,Rs.4341.9,1:0.31,44.3
2026-07-01 14:02:55 IST,INDHOTEL,MOMENTUM,SELL,Rs.715.5499877929688,Rs.720.7,Rs.704.82,1:2.08,48.9
2026-07-01 14:06:49 IST,BLUEDART,SWING,BUY,Rs.4904.0,Rs.4844.2,Rs.5029.53,1:2.1,-
2026-07-01 14:07:04 IST,JUBLFOOD,MOMENTUM,SELL,Rs.421.45001220703125,Rs.424.46,Rs.415.13,1:2.1,48.0
2026-07-01 14:10:58 IST,ICICIBANK,MOMENTUM,SELL,Rs.1380.0999755859375,Rs.1390.56,Rs.1359.4,1:1.98,40.9
2026-07-01 14:12:03 IST,GRSE,MOMENTUM,SELL,Rs.2746.89990234375,Rs.2767.55,Rs.2705.7,1:2.0,44.2
2026-07-01 14:12:21 IST,PAGEIND,SCALP,BUY,Rs.43465.0,Rs.42797.44,Rs.43682.32,1:0.33,63.3
2026-07-01 14:12:37 IST,JINDALSTEL,MOMENTUM,SELL,Rs.1030.199951171875,Rs.1038.71,Rs.1014.75,1:1.82,40.5
2026-07-01 14:16:05 IST,UJJIVANSFB,SWING,SELL,Rs.61.459999084472656,Rs.62.37,Rs.59.73,1:1.9,-
2026-07-01 14:16:59 IST,OBEROIRLTY,SWING,SELL,Rs.1790.5999755859375,Rs.1817.66,Rs.1743.19,1:1.75,-
2026-07-01 14:21:01 IST,FEDERALBNK,MOMENTUM,SELL,Rs.330.20001220703125,Rs.332.74,Rs.325.25,1:1.95,41.0
2026-07-01 14:21:10 IST,UTKARSHBNK,SCALP,BUY,Rs.14.899999618530273,Rs.14.83,Rs.14.97,1:1.0,46.8
2026-07-01 14:21:59 IST,THERMAX,MOMENTUM,SELL,Rs.5139.5,Rs.5178.51,Rs.5062.41,1:1.98,43.0
2026-07-01 14:22:17 IST,CHALET,SWING,BUY,Rs.809.7000122070312,Rs.799.92,Rs.831.0,1:2.18,-
2026-07-01 14:25:52 IST,IDFCFIRSTB,SWING,SELL,Rs.78.80999755859375,Rs.79.67,Rs.76.84,1:2.29,-
2026-07-01 14:26:12 IST,DRREDDY,MOMENTUM,SELL,Rs.1343.5999755859375,Rs.1354.72,Rs.1323.45,1:1.81,40.3
2026-07-01 14:26:29 IST,BOSCHLTD,SWING,SELL,Rs.40530.0,Rs.41038.14,Rs.39447.77,1:2.13,-
2026-07-01 14:32:20 IST,POLYCAB,SCALP,BUY,Rs.9795.0,Rs.9757.93,Rs.9843.97,1:1.32,61.2
2026-07-01 14:32:22 IST,GRSE,SCALP,BUY,Rs.2748.800048828125,Rs.2730.58,Rs.2762.54,1:0.75,46.8
2026-07-01 14:32:57 IST,VIJAYA,MOMENTUM,SELL,Rs.1362.800048828125,Rs.1374.03,Rs.1342.36,1:1.82,41.3
2026-07-01 14:36:19 IST,GLAXO,SCALP,BUY,Rs.2467.89990234375,Rs.2457.41,Rs.2480.24,1:1.18,59.1
2026-07-01 14:36:27 IST,CRAFTSMAN,SCALP,SELL,Rs.9357.0,Rs.9385.07,Rs.9310.22,1:1.67,66.2
2026-07-01 14:36:55 IST,MARICO,SCALP,BUY,Rs.852.0,Rs.848.1,Rs.856.26,1:1.09,60.3
2026-07-01 14:41:37 IST,ABBOTINDIA,SCALP,SELL,Rs.25505.0,Rs.25581.51,Rs.25377.47,1:1.67,63.5
2026-07-01 14:41:50 IST,SONACOMS,SCALP,SELL,Rs.620.0,Rs.621.86,Rs.616.9,1:1.67,66.1
2026-07-01 14:41:51 IST,RELIANCE,SCALP,BUY,Rs.1309.199951171875,Rs.1303.34,Rs.1315.75,1:1.12,41.7
2026-07-01 14:41:54 IST,MGL,SWING,BUY,Rs.1166.5,Rs.1146.44,Rs.1197.15,1:1.53,-
2026-07-01 14:42:08 IST,HUDCO,MOMENTUM,SELL,Rs.208.88999938964844,Rs.210.4,Rs.205.76,1:2.07,47.3
2026-07-01 14:42:10 IST,BLUEDART,MOMENTUM,SELL,Rs.4902.0,Rs.4942.5,Rs.4828.47,1:1.82,40.4
2026-07-01 14:42:19 IST,BRITANNIA,SWING,SELL,Rs.5263.0,Rs.5329.95,Rs.5116.36,1:2.19,-
2026-07-01 14:42:29 IST,PAYTM,SCALP,BUY,Rs.1188.9000244140625,Rs.1176.51,Rs.1194.84,1:0.48,60.1
2026-07-01 14:42:39 IST,3MINDIA,MOMENTUM,SELL,Rs.33320.0,Rs.33556.47,Rs.32820.2,1:2.11,47.6
2026-07-01 14:46:29 IST,LAURUSLABS,SWING,BUY,Rs.1493.699951171875,Rs.1473.93,Rs.1531.05,1:1.89,-
2026-07-01 14:46:35 IST,THYROCARE,SWING,BUY,Rs.544.5999755859375,Rs.537.96,Rs.558.53,1:2.1,-
2026-07-01 14:47:06 IST,ITC,SCALP,BUY,Rs.290.79998779296875,Rs.288.77,Rs.292.25,1:0.71,63.1
2026-07-01 14:47:16 IST,ZEEL,SCALP,SELL,Rs.108.6500015258789,Rs.108.98,Rs.108.11,1:1.64,67.1
2026-07-01 14:47:27 IST,3MINDIA,SCALP,BUY,Rs.33360.0,Rs.33214.32,Rs.33526.8,1:1.14,62.7
2026-07-01 14:51:36 IST,PFIZER,MOMENTUM,SELL,Rs.4499.5,Rs.4531.46,Rs.4432.01,1:2.11,48.1
2026-07-01 14:51:40 IST,BAJAJ-AUTO,SCALP,SELL,Rs.9841.0,Rs.9870.52,Rs.9791.8,1:1.67,55.4
2026-07-01 14:51:52 IST,CESC,SCALP,BUY,Rs.170.0,Rs.169.23,Rs.170.85,1:1.1,60.1
2026-07-01 14:56:22 IST,EICHERMOT,SCALP,BUY,Rs.7124.0,Rs.7092.16,Rs.7159.62,1:1.12,40.6
2026-07-01 15:01:36 IST,LUPIN,SCALP,SELL,Rs.2402.60009765625,Rs.2409.81,Rs.2390.59,1:1.67,66.3
2026-07-01 15:01:38 IST,LAURUSLABS,SCALP,SELL,Rs.1494.0,Rs.1498.48,Rs.1486.53,1:1.67,59.7
2026-07-01 15:01:39 IST,NATCOPHARM,SCALP,SELL,Rs.925.4000244140625,Rs.928.18,Rs.920.77,1:1.67,68.5
2026-07-01 15:02:06 IST,HAL,SCALP,BUY,Rs.4436.2998046875,Rs.4416.35,Rs.4458.48,1:1.11,48.6
2026-07-01 15:02:10 IST,CUMMINSIND,SCALP,SELL,Rs.5656.5,Rs.5673.47,Rs.5628.22,1:1.67,57.4
2026-07-01 15:02:22 IST,ASIANPAINT,SCALP,BUY,Rs.2717.5,Rs.2684.71,Rs.2731.09,1:0.41,62.0
2026-07-01 15:02:23 IST,VOLTAS,SCALP,BUY,Rs.1280.800048828125,Rs.1276.16,Rs.1287.2,1:1.38,54.8
2026-07-01 15:02:24 IST,TRENT,SCALP,BUY,Rs.3285.10009765625,Rs.3268.75,Rs.3301.53,1:1.0,60.2
2026-07-01 15:02:28 IST,NYKAA,SCALP,SELL,Rs.308.70001220703125,Rs.309.63,Rs.307.16,1:1.66,57.5
2026-07-01 15:02:28 IST,INDHOTEL,SCALP,BUY,Rs.717.6500244140625,Rs.713.67,Rs.721.24,1:0.9,64.1
2026-07-01 15:02:33 IST,NMDC,SCALP,SELL,Rs.84.08999633789062,Rs.84.34,Rs.83.67,1:1.68,66.0
2026-07-01 15:02:34 IST,ULTRACEMCO,SCALP,BUY,Rs.11451.0,Rs.11387.02,Rs.11508.25,1:0.89,61.5
2026-07-01 15:05:58 IST,SBILIFE,SWING,SELL,Rs.1790.699951171875,Rs.1812.17,Rs.1742.52,1:2.24,-
2026-07-01 15:06:16 IST,NAUKRI,SCALP,BUY,Rs.994.0,Rs.988.44,Rs.998.97,1:0.89,55.3
2026-07-01 15:06:20 IST,LUPIN,MOMENTUM,SELL,Rs.2397.10009765625,Rs.2415.72,Rs.2361.14,1:1.93,41.4
2026-07-01 15:06:54 IST,IRFC,SWING,BUY,Rs.91.2699966430664,Rs.90.24,Rs.93.59,1:2.25,-
2026-07-01 15:07:02 IST,SOBHA,MOMENTUM,SELL,Rs.1409.9000244140625,Rs.1421.92,Rs.1388.75,1:1.76,44.3
2026-07-01 15:07:15 IST,NAZARA,SCALP,SELL,Rs.303.70001220703125,Rs.304.61,Rs.302.18,1:1.67,72.8
2026-07-01 15:11:19 IST,CYIENT,SCALP,SELL,Rs.862.5499877929688,Rs.865.14,Rs.858.24,1:1.66,65.1
2026-07-01 15:11:29 IST,METROPOLIS,SCALP,BUY,Rs.541.1500244140625,Rs.537.21,Rs.543.86,1:0.69,50.6
2026-07-01 15:11:37 IST,MRF,SCALP,BUY,Rs.129485.0,Rs.129037.03,Rs.130132.42,1:1.45,54.3
2026-07-01 15:16:03 IST,EQUITASBNK,SCALP,BUY,Rs.77.19999694824219,Rs.76.79,Rs.77.59,1:0.95,62.8
2026-07-01 15:16:05 IST,AAVAS,SCALP,BUY,Rs.1520.5,Rs.1509.13,Rs.1528.1,1:0.67,63.1
2026-07-01 15:16:18 IST,BIOCON,MOMENTUM,BUY,Rs.418.54998779296875,Rs.415.48,Rs.424.83,1:2.05,57.4
2026-07-01 15:16:37 IST,NTPC,SWING,BUY,Rs.357.8500061035156,Rs.353.5,Rs.366.84,1:2.07,-
2026-07-01 15:16:53 IST,NESCO,SCALP,SELL,Rs.1079.9000244140625,Rs.1083.14,Rs.1074.5,1:1.67,67.7
2026-07-01 15:17:10 IST,SHREECEM,SCALP,BUY,Rs.25925.0,Rs.25828.61,Rs.26054.62,1:1.34,45.7
2026-07-01 15:17:14 IST,HONAUT,SCALP,SELL,Rs.39725.0,Rs.39844.17,Rs.39526.38,1:1.67,58.6
